title,placeId,location/lat,location/lng,totalScore,categoryName,address,comfort_cozy_score,spicy_hot_score,fresh_healthy_score,cheap_budget_score,quick_fast_score
Nhà hàng Long hòa,ChIJzRB56C39NDERVSZGi7JiN7E,21.2802955,105.7719609,0.0,Nhà hàng,"Thanh Sơn, Kim Anh, Hà Nội, Việt Nam",0.0,0.0,0.0,0.0,0.0
NEW BUFFET RESTAURANT Sóc Sơn,ChIJd5oyO3wDNTER3FVaoehsUxM,21.2538445,105.8495796,0.0,Nhà hàng,"Tổ 7, khu đô thị mới, Sóc Sơn, Hà Nội, Việt Nam",0.0,0.0,0.0,0.0,0.0
Nhà hàng lẩu - nướng TOM SeaFood Buffet,ChIJn5MeBgADNTERRL9owQfxTKw,21.2698362,105.8550031,0.0,Nhà hàng,"125 QL3, Phố Mã, Sóc Sơn, Hà Nội, Việt Nam",0.0,0.041666666666666664,0.0,0.0,0.0
Quán ốc Dũng 186,ChIJvepg6qoDNTERhW2HWAJJ8rQ,21.2567572,105.8515907,0.0,Nhà hàng hải sản,"7V42+PJ4, Phố Giữa, Sóc Sơn, Hà Nội, Việt Nam",0.0,0.0,0.02702702702702703,0.0,0.0
Nhà hàng Vũ Nghĩa,ChIJqa_IEhIDNTER04R9eBScGlk,21.2517022,105.8480158,0.0,Nhà hàng,"132 QL3, Sóc Sơn, Hà Nội, Việt Nam",0.0,0.0,0.0,0.0,0.0
Bánh Đa Cua Hải Phòng Thu Liên,ChIJOTog4QoDNTER8rMt0XNG-is,21.2573665,105.8454043,0.0,Nhà hàng gia đình,"36 Đ. Đa Phúc, Phố Giữa, Sóc Sơn, Hà Nội, Việt Nam",0.044444444444444446,0.0,0.0,0.0,0.0
HẢI SẢN LÀNG CHÀI,ChIJCXaONgADNTERwH1P4Um2cls,21.2609542,105.8506905,0.0,Nhà hàng hải sản,"Số 1 P. Lưu Nhân Chú, Khu Đô Thị Mới, Sóc Sơn, Hà Nội, Việt Nam",0.0,0.0,0.04054054054054054,0.0,0.0
Chợ hải sản hùng cà mau,ChIJg_7fAwADNTERKgGM-ENXlcA,21.2601952,105.8491255,0.0,Nhà hàng hải sản,"47 QL3, tổ 4, Sóc Sơn, Hà Nội, Việt Nam",0.0,0.0,0.04054054054054054,0.0,0.0
Lẩu Hải Sản,ChIJ1_89QwADNTER7t8MZowXMWQ,21.2468529,105.8488961,0.0,Nhà hàng món lẩu,"6RWX+PHR, QL3, Miếu Thờ, Sóc Sơn, Hà Nội, Việt Nam",0.0,0.0625,0.013513513513513514,0.0,0.0
Nhà Hàng Hải Sản Lâm Hương,ChIJT9e20aUDNTERMG-Sb2Yy-D8,21.2597716,105.8523553,0.0,Nhà hàng hải sản,"7V52+WW5, Ngõ 2 - Đường Thân Nhân Trung, Phố Giữa, Sóc Sơn, Hà Nội, Việt Nam",0.0,0.0,0.04054054054054054,0.0,0.0
Vườn của Nắng - Café & Bistro,ChIJl8Xh8_v9NDERaX1vV8Q98xw,21.2838186,105.7743873,0.0,Nhà hàng pizza,"Đông O, Kim Anh, Hà Nội, Việt Nam",0.0,0.0,0.0,0.0,0.0
NHÀ HÀNG HẢI SẢN BIỂN ĐÔNG SÓC SƠN,ChIJhZIeSAADNTERKLSaTXcyp5Y,21.2630246,105.8520644,0.0,Nhà hàng hải sản,"7V72+6PG, Sóc Sơn, Hà Nội, Việt Nam",0.0,0.0,0.04054054054054054,0.0,0.0
Koki BBQ Sóc Sơn,ChIJ_8fqlYoDNTERXrJPEeU2FqM,21.2610138,105.8520206,0.0,Nhà hàng,"4 Ngõ 4 - Đường Thân Nhân Trung, KĐT, Sóc Sơn, Hà Nội 10000, Việt Nam",0.0,0.0,0.0,0.0,0.0
Quán hải sản hội nhí,ChIJ_UhRmRfzNDERw22u1_AbeH8,21.2701638,105.4270903,0.0,Nhà hàng,"7CCG+3R8, Vân Xa, Cổ Đô, Hà Nội, Việt Nam",0.0,0.0,0.013513513513513514,0.0,0.0
Nhà hàng Thành Công Như Ý,ChIJRZ9i91b9NDERtVulgGh3XmQ,21.280839,105.7457173,0.0,Nhà hàng hải sản,"7PJW+87H, Lập Trí, Kim Anh, Hà Nội, Việt Nam",0.0,0.0,0.02702702702702703,0.0,0.0
Lẩu ốc 123 - Sóc Sơn,ChIJxUvMVgADNTER-FvMDK2IYR0,21.2621018,105.852008,0.0,Nhà hàng hải sản,"Ng Đông Mã, Khu đô thị mới, Sóc Sơn, Hà Nội, Việt Nam",0.0,0.020833333333333332,0.02702702702702703,0.0,0.0
Nhất Nướng BBQ,ChIJu0ZeuhUDNTERW1UctwcLkj4,21.262822,105.8516471,0.0,Nhà hàng món nướng,"6 Đường Phù Đổng, Sóc Sơn, Hà Nội, Việt Nam",0.0,0.0625,0.0,0.0,0.0
Chicko Food Bún Đậu Mắm Tôm,ChIJj7PdPhoDNTER3oRscww_4Rw,21.2565602,105.8389354,0.0,Nhà hàng,"242 Đ. Đa Phúc, Dược Thượng, Sóc Sơn, Hà Nội, Việt Nam",0.0,0.0,0.0,0.0,0.0
Quán Cá Ven Đầm,ChIJRzNjkhEDNTERqjmP4fVXRfU,21.257198,105.8201079,0.0,Nhà hàng món cá,"Đường Võ Nguyên Giáp, Quảng Hội, Nội Bài, Hà Nội, Việt Nam",0.0,0.0,0.0,0.0,0.0
"Quán Bún 1984 (Bún đậu mắm tôm, bún chả, ốc, bánh đa tươi Hải phòng)",ChIJ_bUZHwIDNTERhz80sIwAbnM,21.2564824,105.8513667,0.0,Quán ăn nhẹ,"22 Ngõ 44 Đ. Núi Đôi, Phố Giữa, Sóc Sơn, Hà Nội, Việt Nam",0.0,0.0,0.013513513513513514,0.0,0.0
Quán Cá Ven Hồ,ChIJc_yf72ACNTERobm3tO7EaZ4,21.2399386,105.8034209,0.0,Nhà hàng,"6RQ3+X9F, Nội Bài, Hà Nội, Việt Nam",0.0,0.0,0.0,0.0,0.0
Chickofoods Lẩu Cá Kèo,ChIJU3-BWRIDNTER6OvckzdyzNk,21.260585,105.8521468,0.0,Nhà hàng,"Số 3 P. Lưu Nhân Chú, KĐT, Sóc Sơn, Hà Nội 100000, Việt Nam",0.0,0.020833333333333332,0.0,0.0,0.0
Nhà hàng chay TÂM AN LẠC,ChIJ5VzjbAADNTERHZO2OiaPpBg,21.2559587,105.8476854,0.0,Nhà hàng cho người ăn chay,"32 Ng. Chi Lan, Phố Giữa, Sóc Sơn, Hà Nội, Việt Nam",0.0,0.0,0.04054054054054054,0.0,0.0
Chay Thực Dưỡng Chữa Lành Quán Như Ý,ChIJ07m4CQD9NDERoyaTS7NYHyc,21.2817386,105.7703744,0.0,Nhà hàng cho người ăn chay,"Số 8 Hoa Anh Đào, Đá Bạc, Kim Anh, Hà Nội, Việt Nam",0.0,0.0,0.04054054054054054,0.0,0.0
Nhà của Xíu (xíu coffe),ChIJOyOY9SsDNTERb3Xz1iO5gI8,21.257973,105.8291749,0.0,Quán cà phê,"Đường Đồng Quan, Sóc Sơn, Hà Nội, Việt Nam",0.044444444444444446,0.0,0.0,0.0,0.0
Quán Chay Tâm Đức,ChIJ-3GaagADNTERQ9r4zlCdlws,21.2594981,105.8509264,0.0,Quán cà phê,"7V52+Q9V, Phố Giữa, Sóc Sơn, Hà Nội, Việt Nam",0.044444444444444446,0.0,0.013513513513513514,0.0,0.0
Chay Thiện An,ChIJAT4UHVYCNTER0A5BgC4Snl0,21.2418574,105.8223161,0.0,Nhà hàng,"6RRC+PWW, ĐT131, Đạc Tài, Sóc Sơn, Hà Nội, Việt Nam",0.0,0.0,0.013513513513513514,0.0,0.0
Nhà Hàng + Quán Bia Ngã Ba Quán,ChIJa5e-BQDjNDERB74ShiVfuFg,21.3039185,105.7640123,0.0,Nhà hàng,"Đập hồ Đồng Đò, Ngã 3 minh tân, Kim Anh, Hà Nội, Việt Nam",0.0,0.0,0.0,0.0,0.0
Hải sản Hàng Lược,ChIJXWGQ3f2rNTERptYkFuivOR0,21.0382386,105.847684,0.0,Nhà hàng hải sản,"15 P. Hàng Lược, Phố cổ Hà Nội, Hoàn Kiếm, Hà Nội, Việt Nam",0.0,0.0,0.04054054054054054,0.0,0.0
Linh Cháo - Đệ Nhất Lẩu Nướng - Bia Hơi,ChIJ0dd3JoYDNTERUz5VlpxCaLw,21.2510124,105.8325556,0.0,Nhà hàng,"Đồi RaDa, Dược Thượng, Sóc Sơn, Hà Nội 100000, Việt Nam",0.0,0.041666666666666664,0.0,0.0,0.0
Nhà hàng Phù Đổng,ChIJgT4RozQDNTERiF-wdTLwvI4,21.2783845,105.8466482,0.0,Nhà hàng,"Thôn, Vệ Linh, Sóc Sơn, Hà Nội, Việt Nam",0.0,0.0,0.0,0.0,0.0
Vườn Sinh Thái Hương Tràm,ChIJAWhUZcMCNTER2Fx374AZbaA,21.2707294,105.8153424,0.0,Nhà hàng,"Khu E, hồ Đồng Quan, Nội Bài, Hà Nội, Việt Nam",0.022222222222222223,0.0,0.0,0.0,0.0
Nhà Hàng Cây Nhội,ChIJY9sBWgDjNDERZDYlqfjDsfs,21.3041202,105.763846,0.0,Nhà hàng,"Đập hồ Đồng Đò, Ngã 3 Minh Tân, Kim Anh, Hà Nội, Việt Nam",0.0,0.0,0.0,0.0,0.0
Sắc trâu,ChIJ4SdQzIH9NDERV_tS57Jlnw0,21.2463858,105.7728961,0.0,Nhà hàng,"6QWF+33, Nội Bài, Hà Nội, Việt Nam",0.0,0.0,0.0,0.0,0.0
Nhà hàng AHA 68,ChIJy-d5f5T9NDERodZCkjorsEM,21.2534368,105.7504323,0.0,Quán ăn nhỏ,"Đ. Liên Thôn - Xã Minh Trí, thôn Thắng Hữu, Kim Anh, Hà Nội 139000, Việt Nam",0.0,0.0,0.0,0.1,0.0
Phở Sân Vườn,ChIJRa0rcqIDNTER5AZx5gk_cyk,21.2862351,105.7894326,0.0,Nhà hàng ăn nhanh,"7QPR+46V, Kim Anh, Hà Nội, Việt Nam",0.0,0.0,0.0,0.1,0.23529411764705882
Nhà hàng Bia Tú Béo,ChIJgxLnlzj9NDERn_CMVPpBhb4,21.2368441,105.7459636,0.0,Quán bia sân vườn,"Quoc lo 2, Hà nội, Nội Bài, Hà Nội, Việt Nam",0.0,0.0,0.0,0.0,0.0
Nhà hàng Tây Bắc Sóc Sơn,ChIJnV2jYmwDNTERcE-KFg0NCYU,21.2608829,105.8525889,0.0,Nhà hàng,"4 - Đường Thân Nhân Trung Tổ 3, Khu Đô Thị Mới, Sóc Sơn, Hà Nội, Việt Nam",0.0,0.0,0.0,0.0,0.0
Tổ hợp GO - Green Oasis,ChIJUZ861HEDNTERXPyXlyOEG48,21.2830495,105.7924056,0.0,Nhà hàng,"Lâm Trường, Kim Anh, Hà Nội 100000, Việt Nam",0.0,0.0,0.0,0.0,0.0
Nhà Hàng Hải Sản Biển Đông,ChIJLYWpJUyrNTERuJo57taGljo,21.0320837,105.7876932,0.0,Nhà hàng hải sản,"2 Ng. 84 P.Trần Thái Tông, Cầu Giấy, Hà Nội, Việt Nam",0.0,0.0,0.04054054054054054,0.0,0.0
Nhà hàng Hương Rừng,ChIJ3SnA--ECNTERZrUaqbel27U,21.2586863,105.8286514,0.0,Nhà hàng,"Đường Đập Đồng Quan, Sóc Sơn, Hà Nội 10000, Việt Nam",0.0,0.0,0.0,0.0,0.0
Hải sản Xô Seafood,ChIJcWCWIgCtNTER-5T1wP2KL2s,21.0004035,105.802509,0.0,Nhà hàng hải sản,"77 P. Ngụy Như Kon Tum, Thanh Xuân, Hà Nội 10000, Việt Nam",0.0,0.0,0.04054054054054054,0.0,0.0
Quán bia Thuỷ Điểm,ChIJ4eIbSgD9NDEReIyNIDEEpn8,21.2637344,105.7748296,0.0,Cơ sở ăn uống lưu động,"Phú Hạ, Kim Anh, Hà Nội, Việt Nam",0.0,0.0,0.0,0.0,0.11764705882352941
Nhà hàng ẩm thực Cao Long,ChIJdQOBtOEdNTERfJNlqUn3Fs4,21.3124811,105.8396958,0.0,Nhà hàng,"Đường quốc lộ 35, thôn Tân Lộc, Trung Giã, Hà Nội 10000, Việt Nam",0.0,0.0,0.0,0.0,0.0
Bún phở Thanh Định,ChIJnSssKWL9NDERDH3NFEDZDfc,21.2673706,105.748827,0.0,Giao đồ ăn,"Thắng Trí, Kim Anh, Hà Nội, Việt Nam",0.0,0.0,0.0,0.0,0.11764705882352941
Muội Hồng caffe,ChIJqUHiPgADNTERXI18YZfAdxI,21.2753663,105.7954668,0.0,Quán cà phê,"7QGW+56F, Kim Anh, Hà Nội, Việt Nam",0.044444444444444446,0.0,0.0,0.0,0.0
Pizza ChiBuncha cơ sở 2 KĐT mới Sóc Sơn,ChIJS8cEKrADNTER8k0o-31bUcQ,21.2625126,105.8522934,0.0,Nhà hàng,"P. Thân Nhân Trung, Khu Đô Thị Mới, Sóc Sơn, Hà Nội 12206, Việt Nam",0.0,0.0,0.0,0.0,0.0
"Trang Anh Natural Food - Đặc Sản Vùng Miền, Healthy, Quà tặng",ChIJJ0HS9_4DNTER5ZP_3R333UY,21.2561792,105.8512096,0.0,Nhà hàng ăn nhanh,"Số 66 Tổ 3, Phố Giữa, Sóc Sơn, Hà Nội, Việt Nam",0.0,0.0,0.013513513513513514,0.1,0.23529411764705882
Shop ăn vặt,ChIJCxuUDwADNTERhgsUYvxLO_o,21.2526112,105.7945416,0.0,Nhà hàng bán đồ ăn mang về,"15 ngõ Chùa, Chùa Nấu, Nội Bài, Hà Nội, Việt Nam",0.0,0.0,0.0,0.0,0.11764705882352941
"Đồng Quan Garden Restaurant - Nhà hàng ngon, Khu sinh thái đẹp tại Sóc Sơn",ChIJB7QlFBMDNTER43K9JOxO7mA,21.2742552,105.8154037,0.0,Nhà hàng,"Khu E, hồ Đồng Quan, Nội Bài, Hà Nội, Việt Nam",0.0,0.0,0.0,0.0,0.0
Savio Coffee & Restaurant,ChIJw6UdzVsdNTER2Tx2qbKnpGQ,21.2927468,105.7853783,0.0,Nhà hàng,"Test Path 1, Kim Anh, Hà Nội, Việt Nam",0.022222222222222223,0.0,0.0,0.0,0.0
Nhà Hàng Minh Phượng,ChIJRXEI_cECNTERLRyzfoeyl_I,21.266423,105.8106231,0.0,Nhà hàng,"Nội Bài, Hà Nội, Việt Nam",0.0,0.0,0.0,0.0,0.0
Nhà Hàng Sinh Thái Bamboo Restaurant,ChIJ4ZHzEuoDNTERepY6QgD6sOA,21.2810597,105.7859646,0.0,Nhà hàng,"91 đưòng 14 thôn, Phú Thịnh, Kim Anh, Hà Nội, Việt Nam",0.0,0.0,0.0,0.0,0.0
Nhà Hàng Cường Phương,ChIJyZgkf2D9NDERi6UHm-vUYNM,21.2907018,105.7681185,0.0,Nhà hàng,"sân golf, Kim Anh, Hà Nội, Việt Nam",0.0,0.0,0.0,0.0,0.0
Quán Bên Rừng - U Lesa Retreat,ChIJ0byLhvUdNTEROWsHFTQ8Emo,21.2938797,105.7850627,0.0,Nhà hàng,"Thôn Lâm Trường, Kim Anh, Hà Nội 100000, Việt Nam",0.0,0.0,0.0,0.0,0.0
Meo Meo Food,ChIJIRp8cQAdNTERE72HPd9cZCQ,21.31349,105.855032,0.0,Nhà hàng ăn nhanh,"8V74+92V, Đồng Thô, Trung Giã, Hà Nội, Việt Nam",0.0,0.0,0.0,0.1,0.23529411764705882
Tri Thu Food,ChIJc4g7nmsDNTERYGvOAKuNv_s,21.2573735,105.8555117,0.0,Unknown,"Phố Giữa, Sóc Sơn, Hà Nội, Việt Nam",0.0,0.0,0.0,0.0,0.0
Tùng Chi Food,ChIJbxFDsaz9NDERtS_JD-lkyVM,21.2434383,105.7355373,0.0,Nhà hàng,"Điền Thanh, Kim Anh, Hà Nội, Việt Nam",0.0,0.0,0.0,0.0,0.0
Ngọc Food,ChIJTTVXqBADNTER7vfrmENQRYM,21.2569888,105.8409328,0.0,Nhà hàng,"Dược Thượng, Sóc Sơn, Hà Nội, Việt Nam",0.0,0.0,0.0,0.0,0.0
San Coffee,ChIJY-o49N8DNTERmX0-9qv9COE,21.2588029,105.8491781,0.0,Quán cà phê,"QL3, Tổ 3, Sóc Sơn, Hà Nội, Việt Nam",0.06666666666666667,0.0,0.0,0.0,0.0
Mùa Food & Drink,ChIJ1-4j4jkDNTERvDrEj5Y-9lc,21.268825,105.7915483,0.0,Nhà hàng,"7Q9R+GJF, Phú Cường, Kim Anh, Hà Nội, Việt Nam",0.0,0.0,0.0,0.0,0.0
Phở Lộc Phú,ChIJGbztn1wDNTERxg1_zpWmwKY,21.2463772,105.8492967,0.0,Nhà hàng phở,"40 QL3, Đồng Mốc, Sóc Sơn, Hà Nội, Việt Nam",0.0,0.0,0.0,0.0,0.0
"Meo Meo Tea Đồ uống,mỳ cay,đồ ăn vặt",ChIJ9cIsBgD9NDERB4gBpiZpBOk,21.2624562,105.7747307,0.0,Quán cà phê,"7Q6F+XVQ, Phú Hạ, Kim Anh, Hà Nội, Việt Nam",0.044444444444444446,0.020833333333333332,0.0,0.0,0.0
1983 Coffee,ChIJpVB2HwDzNDERXy8-tn650yM,21.277246,105.4208421,0.0,Quán cà phê,"7CGC+V8W, La Thượng, Cổ Đô, Hà Nội, Việt Nam",0.06666666666666667,0.0,0.0,0.0,0.0
Pizza House,ChIJjyWTFXj9NDER6mjROcJLIhM,21.2482026,105.771517,0.0,Nhà hàng,"51 ĐT35, Kim Anh, Hà Nội, Việt Nam",0.0,0.0,0.0,0.0,0.0
Tu beo Catering service,ChIJ1QkWqYX9NDERIZfeyb9o7qI,21.2369183,105.7461256,0.0,Nhà hàng,"Thôn trung, Nội Bài, Hà Nội, Việt Nam",0.0,0.0,0.0,0.0,0.0
"Tiệm Lăk Lăk - Trà Chanh, Mỳ Cay 7 Cấp Độ",ChIJ8YDale0DNTER1OurG2f72zI,21.2600623,105.8530371,0.0,Quán ăn nhỏ,"7V63+26 Sóc Sơn, Đường Phù Đổng, Sóc Sơn, Hà Nội 100000, Việt Nam",0.022222222222222223,0.020833333333333332,0.0,0.1,0.0
Habeco Hưng còi,ChIJv6vd-yz9NDERjPTwTpa_3Bo,21.2753295,105.7569698,0.0,Nhà hàng,"7QG4+4QQ, Unnamed, Road, Kim Anh, Hà Nội, Việt Nam",0.0,0.0,0.0,0.0,0.0
Nhà hàng The Mocau Sóc Sơn,ChIJ525WNXkDNTERAyuwNQsWi6Q,21.2602654,105.852552,0.0,Nhà hàng,"Số 10 P. Lưu Nhân Chú, Khu Đô, Sóc Sơn, Hà Nội 100000, Việt Nam",0.0,0.0,0.0,0.0,0.0
Vua Lẩu Thái,ChIJJylcWgD9NDERk9v05BW3DaY,21.2439649,105.7530521,0.0,Nhà hàng,"6QV3+G5F, Kim Anh, Hà Nội, Việt Nam",0.0,0.020833333333333332,0.0,0.0,0.0
"BigBang Cơ Sở 4, Sóc Sơn, Hà Nội",ChIJU_an6yEDNTERCltrv7FP0Hg,21.2614135,105.8533172,0.0,Nhà hàng,"33 Ngõ 4 - Đường Thân Nhân Trung, Sóc Sơn, Hà Nội, Việt Nam",0.0,0.0,0.0,0.0,0.0
Ăn Vặt Chingu,ChIJ-dmbjF4DNTERIeyJeB4jIpU,21.2559549,105.8513188,0.0,Nhà hàng bán đồ ăn mang về,"44/2A Tổ 3 Núi Đôi, Phố Giữa, Hà Nội, 12212, Sóc Sơn, Hà Nội 12200, Việt Nam",0.0,0.0,0.0,0.0,0.11764705882352941
Nhà Hàng Lẩu Cháo Bảo Vy,ChIJEUAMgxX9NDERzfR_SVrW9PQ,21.2499403,105.7665597,0.0,Nhà hàng gia đình,"6QX8+RP7, Xuân Long, Kim Anh, Hà Nội, Việt Nam",0.044444444444444446,0.020833333333333332,0.0,0.0,0.0
Alo pizza,ChIJgXohDwADNTERsJuELHvWiZ4,21.2614095,105.8533105,0.0,Nhà hàng pizza,"7V63+H8G, 33 Ngõ 4 - Đường Thân Nhân Trung, Sóc Sơn, Hà Nội, Việt Nam",0.0,0.0,0.0,0.0,0.0
Quán 97 Lẩu & Bia Vườn,ChIJo2r3g4n9NDERqHCfklo-vfw,21.2390734,105.7418462,0.0,Quán bia,"SVĐ Trung Na, QL2, Kim Anh, Hà Nội, Việt Nam",0.0,0.020833333333333332,0.0,0.0,0.0
Sinh Bún,ChIJtfNJyEP9NDER7SdFo-rs3n8,21.2489236,105.7271172,0.0,Nhà hàng chuyên phục vụ bữa sáng,"6PXG+HR9, Phúc Yên, Phú Thọ, Việt Nam",0.0,0.0,0.0,0.0,0.0
Mỳ Cay Seuol City - Sóc Sơn - Hà Nội,ChIJy5OBmucDNTERZzyS2f-Qw_s,21.2620675,105.8519996,0.0,Quán mì,"Đường Phù Đổng, Sóc Sơn, Hà Nội 12200, Việt Nam",0.0,0.020833333333333332,0.0,0.0,0.0
Tiệm Nướng Nhà Gạo,ChIJ39xFtu4DNTERcz548tk4LE0,21.2629913,105.8526363,0.0,Quán ăn nhỏ,"khu đô thị mới, Sóc Sơn, Hà Nội 97000, Việt Nam",0.0,0.020833333333333332,0.0,0.1,0.0
Lẩu nướng pega bbq,ChIJgXQ2InQFNTER0cHQHIHTEq8,21.2433875,105.8857344,0.0,Nhà hàng,"6VVP+975, Đại Tảo, Đa Phúc, Hà Nội, Việt Nam",0.0,0.041666666666666664,0.0,0.0,0.0
Lẩu nướng BBQ Hai chị em,ChIJ0fK3WNsDNTERfrTLe8GM6Es,21.2630645,105.8527236,0.0,Nhà hàng món nướng,"7V73+63H, P. Thân Nhân Trung, Sóc Sơn, Hà Nội, Việt Nam",0.0,0.08333333333333333,0.0,0.0,0.0
Bánh sinh nhật đồ uống Ánh Dương,ChIJZ-SuBb79NDERDn5F42ue3tM,21.2431157,105.7356214,0.0,Nhà hàng,"6PVP+66X, cầu xây, Kim Anh, Hà Nội, Việt Nam",0.0,0.0,0.0,0.0,0.0
Nhà hàng Tây Long,ChIJAwlJCfSqNTERhumBpe9oQeQ,21.0740798,105.8239689,0.0,Nhà hàng món thịt,"347 Đ. Âu Cơ, Tây Hồ, Hà Nội 10000, Việt Nam",0.0,0.0,0.0,0.0,0.0
Viha Beer Bia Viha Hà Nội,ChIJZ9PwDPMcNTER3y0bt1FB-Nc,21.3246176,105.8500682,0.0,Nhà hàng,"Trung Giã, Hà Nội, Việt Nam",0.0,0.0,0.0,0.0,0.0
Quán Nướng Nhà Bia,ChIJs_G6RAAdNTERydKrwZLkdx4,21.3566473,105.8237923,0.0,Nhà hàng món nướng,"75 Đường Bắc Sơn, Trung Giã, Hà Nội, Việt Nam",0.0,0.0625,0.0,0.0,0.0
BIỂN BIA,ChIJodbvgJAdNTERsX5iSIHThyY,21.2845041,105.8711811,0.0,Nhà hàng,"Vệ sơn đoài, Sóc Sơn, Hà Nội, Việt Nam",0.0,0.0,0.0,0.0,0.0
Sunday Kafe,ChIJOWOV7mADNTER-t0NQybLRCo,21.2620909,105.8519935,0.0,Quán cà phê,"Khu đô thị mới, Phố Mã, Sóc Sơn, Hà Nội, Việt Nam",0.044444444444444446,0.0,0.0,0.0,0.0
Bình lâm milktea &more,ChIJkxETXBMDNTERE7X8rHQPeyI,21.2594736,105.851206,0.0,Quán cà phê,"Phố Giữa, Sóc Sơn, Hà Nội, Việt Nam",0.044444444444444446,0.0,0.0,0.0,0.0
Miu Tea,ChIJX0PjBqcdNTER81R6sFUutN0,21.313992,105.8679477,0.0,Quán cà phê,"8V79+H5W, phố Nỉ, Trung Giã, Hà Nội, Việt Nam",0.044444444444444446,0.0,0.0,0.0,0.0
Nhà hàng Lẩu Hoàng Yến,ChIJg2cg1a8dNTERxO_CH98Pi8I,21.3092889,105.8665454,0.0,Nhà hàng,"Số nhà 27, phố Nỉ, Trung Giã, Hà Nội, Việt Nam",0.0,0.020833333333333332,0.0,0.0,0.0
Ăn tào phớ ngon 10k,ChIJJ0tQQgADNTERbxtNrKx1nXg,21.2684245,105.8561853,0.0,Nhà hàng ăn nhanh,"7V94+9F7, Phố Mã, Sóc Sơn, Hà Nội, Việt Nam",0.0,0.0,0.0,0.1,0.23529411764705882
Mỳ cay . Bún đậu,ChIJWZfbRAD9NDERqgdBkN9k0AY,21.2899167,105.7679821,0.0,Quán cà phê,"7QQ9+X59, Kim Anh, Hà Nội, Việt Nam",0.044444444444444446,0.020833333333333332,0.0,0.0,0.0
Trung tâm Tổ chức sự kiện - Tiệc cưới Thiên Ân,ChIJG_z85_8DNTERD16tdQ1bg_I,21.2415604,105.8214288,0.0,Nhà hàng gia đình,"6RRC+JHF, ĐT131, Đạc Tài, Sóc Sơn, Hà Nội, Việt Nam",0.044444444444444446,0.0,0.0,0.0,0.0
Trà Sữa - Ăn Vặt - Mỳ Cay - Pizza,ChIJvQH6HQD9NDEReUAD78FlkWc,21.272728,105.7415387,0.0,Nhà hàng pizza,"385b Chợ Hội, Lập Trí, Kim Anh, Hà Nội, Việt Nam",0.022222222222222223,0.020833333333333332,0.0,0.0,0.0
BánhMì Cay SàiGòn,ChIJsQzjEmsDNTERGrsfs17BCd4,21.257828,105.8545162,0.0,Nhà hàng,"tổ 4, Sóc Sơn, Hà Nội, Việt Nam",0.0,0.020833333333333332,0.0,0.0,0.0
CAT pizza,ChIJXSf6oBQDNTERTrLF1bR_ZKk,21.2595236,105.8517115,0.0,Nhà hàng ăn nhanh,"43 P. Khuông Việt, tổ 7, Sóc Sơn, Hà Nội 100000, Việt Nam",0.0,0.0,0.0,0.1,0.23529411764705882
Pizza PAN,ChIJs2XTp62rNTERIR1Cfqkk1TA,21.2555486,105.848343,0.0,Nhà hàng ăn nhanh,"6 ngõ 59 đường Ng. Chi Lan, Phố Giữa, Sóc Sơn, Hà Nội 100000, Việt Nam",0.0,0.0,0.0,0.1,0.23529411764705882
Âu Cơ Restaurant Đan Phượng,ChIJHY20Zl1XNDERYX1czyMeiZk,21.0802321,105.672216,0.0,Nhà hàng hải sản,"3MJC+3VW, Đan Phượng, Hà Nội, Việt Nam",0.0,0.0,0.02702702702702703,0.0,0.0
Kim's Bbq House,ChIJcToSUuSrNTERQUn_Z0LomKc,21.2564316,105.8511751,0.0,Nhà hàng,"tổ 2/Ngõ 60 Ng. Chi Lan, Phố Giữa, Sóc Sơn, Hà Nội, Việt Nam",0.0,0.0,0.0,0.0,0.0
Sumo,ChIJhdrpHq79NDEReEncI5A4rFY,21.2382868,105.7422086,0.0,Nhà hàng,"Trung Thôn, Nội Bài, Hà Nội, Việt Nam",0.0,0.0,0.0,0.0,0.0
Tào phớ Soya Yum,ChIJ95dB9bCrNTERuyoyp691TR4,21.0442411,105.8725249,0.0,Nhà hàng,"175 Đ. Nguyễn Văn Cừ, Bồ Đề, Hà Nội 100000, Việt Nam",0.0,0.0,0.0,0.0,0.0
The Cozy Pizza,ChIJzWWkvzn9NDERReYsq8DjYMY,21.204483,105.7512144,0.0,Nhà hàng pizza,"3 Đường Chi Đông, Quang Minh, Hà Nội, Việt Nam",0.0,0.0,0.0,0.0,0.0
Quốc Anh Cháo Dinh Dưỡng,ChIJB8jCLaT9NDERQyimyuBdZeY,21.242435,105.7501059,0.0,Nhà hàng,"Ninh Cầm, Kim Anh, Hà Nội, Việt Nam",0.0,0.0,0.0,0.0,0.0
Vườn bia Hiếu Thảo,ChIJO-pYeAADNTERBDf0kPipRGU,21.2595406,105.853471,0.0,Nhà hàng gia đình,"7V53+R99, Đường Phù Đổng, Phố Giữa, Sóc Sơn, Hà Nội, Việt Nam",0.044444444444444446,0.0,0.0,0.0,0.0
Quán Gà 52 chuyên phở bún miến gà,ChIJhxqFRG8DNTERs6frKuojj7c,21.2615836,105.8503994,0.0,Nhà hàng thịt gà,"Số 44 tổ 7, Sóc Sơn, Hà Nội 139000, Việt Nam",0.0,0.0,0.0,0.0,0.0
Pizza 4P's Âu Cơ,ChIJ6a7hNgCrNTERNrQ8Dv-n1QU,21.0592393,105.8338589,0.0,Nhà hàng pizza,"1A Đ. Âu Cơ, Tây Hồ, Hà Nội 11207, Việt Nam",0.0,0.0,0.0,0.0,0.0
Tiến Dũng Bánh Kẹo - Đường Sữa,ChIJqQGYshQDNTER9V3iPWitY8I,21.2572167,105.8524356,0.0,Nhà hàng,"Phố Giữa, Sóc Sơn, Hà Nội, Việt Nam",0.0,0.0,0.0,0.0,0.0
Tào Phớ Family,ChIJdS-AK2CrNTER63J8cDvn-do,21.0118115,105.8082766,0.0,Nhà hàng,"151 Đ. Nguyễn Ngọc Vũ, Yên Hòa, Hà Nội, Việt Nam",0.0,0.0,0.0,0.0,0.0
Pizza 4P’s Tràng Tiền,ChIJ4ZQ4-HKrNTER1KlRPXTcN0c,21.0249846,105.8542127,0.0,Nhà hàng pizza,"43 Tràng Tiền, Cửa Nam, Hà Nội, Việt Nam",0.06666666666666667,0.0,0.0,0.0,0.0
Tào Phớ Mẹ Tớ,ChIJ1dnneeitNTERtixTQZklU24,21.0021316,105.8492035,0.0,Quán cà phê,"27 P. Tạ Quang Bửu, Khu tập thể Bách Khoa, Bạch Mai, Hà Nội, Việt Nam",0.044444444444444446,0.0,0.0,0.0,0.0
Tiệm Nhà Gạo,ChIJcx_hTgADNTERuYZRIpDOKzY,21.2583076,105.8419527,0.0,Quán cà phê,"75 Ngõ 120 Đường Đa Phúc, Dược Thượng, Sóc Sơn, Hà Nội, Việt Nam",0.044444444444444446,0.0,0.0,0.0,0.0
Pizza 4P’s Bảo Khánh,ChIJmwwMhZWrNTERtcmFufGuao8,21.031054,105.8501487,0.0,Nhà hàng pizza,"11B P. Báo Khánh, Alley, Hoàn Kiếm, Hà Nội 100000, Việt Nam",0.0,0.0,0.0,0.0,0.0
Mộc Trà Milktea,ChIJq2b0Qx79NDERrg4zamjZUJI,21.2605019,105.7504718,0.0,Quán cà phê,"Thắng Trí, Kim Anh, Hà Nội, Việt Nam",0.06666666666666667,0.0,0.0,0.0,0.0
Tony tea 2,ChIJgfnKK6cdNTER7wdc211ust0,21.3207946,105.8703005,0.0,Quán cà phê,"Ngã tư, phố Nỉ, Trung Giã, Hà Nội, Việt Nam",0.044444444444444446,0.0,0.0,0.0,0.0
Quán Bún Cừ Lan,ChIJ5bj2xkL9NDERvpCjBeIlHW0,21.2438027,105.75293,0.0,Nhà hàng,"6QV3+G5F, Kim Anh, Hà Nội, Việt Nam",0.0,0.0,0.0,0.0,0.0
Quán Bi Tào Phớ,ChIJncG1wJn_NDERudUSiApEvig,21.1232855,105.7051751,0.0,Quán ăn nhỏ,"4PF4+837, Tổ Thôn, Ô Diên, Hà Nội, Việt Nam",0.0,0.0,0.0,0.1,0.0
Tào Phớ Gánh,ChIJaS58TQCrNTERpRBD5waq6Qo,21.0197456,105.8498426,0.0,Quán cà phê,"59C P. Bà Triệu, Cửa Nam, Hà Nội, Việt Nam",0.044444444444444446,0.0,0.0,0.0,0.0
Ronaldo Pasta,ChIJhXdsewCrNTERtUdEvcg4TiY,21.0115685,105.8176467,0.0,Nhà hàng ý,"120 P. Thái Thịnh, Đống Đa, Hà Nội 100000, Việt Nam",0.0,0.0,0.0,0.0,0.0
Gisy Lake House,ChIJm9F7z6LiNDERN7L6TT2ULjo,21.3146637,105.7710993,0.0,Quán cà phê,"Đập hồ Đồng Đò, Minh Tân, Kim Anh, Hà Nội 12215, Việt Nam",0.044444444444444446,0.0,0.0,0.0,0.0
La Fiorentina - Italian Restaurant,ChIJh0ljr22rNTEROfEJ9Myi550,21.0610128,105.82766,0.0,Nhà hàng ý,"54 P. Quảng An, Tây Hồ, Hà Nội 10000, Việt Nam",0.0,0.0,0.0,0.0,0.0
Au Lac Family Restaurant,ChIJTzli5ASrNTERA2ZZQBxvxRA,21.0295321,105.8487519,0.0,Nhà hàng,"23 Ng. Huyện, Hoàn Kiếm, Hà Nội 100000, Việt Nam",0.0,0.0,0.0,0.0,0.0
Blue Valley Cafe & Bistro,ChIJH9hEH-IDNTERvAYKziyvD_o,21.2839717,105.8139905,0.0,Nhà hàng,"Số 39 Vĩnh Hà, Thanh Hà, Trung Giã, Hà Nội, Việt Nam",0.0,0.0,0.0,0.0,0.0
CORAGGIO,ChIJ7ynzWPKrNTER6TODuriqQVU,21.0329212,105.8091263,0.0,Nhà hàng ý,"7 Ng. 12 P. Đào Tấn, Giảng Võ, Hà Nội, Việt Nam",0.0,0.0,0.0,0.0,0.0
Nhà Hàng Xèo BBQ,ChIJRzp_aAADNTERjc-RaHN8dLM,21.2564025,105.8579466,0.0,Nhà hàng,"7V45+H58, Sóc Sơn, Hà Nội, Việt Nam",0.0,0.0,0.0,0.0,0.0
Mộc Quán(sóc Sơn ),ChIJx1hY1cUDNTERA0Mj4ucs88E,21.2579477,105.8298585,0.0,Nhà hàng gia đình,"Đường Hồ Đồng Quan, Sóc Sơn, Hà Nội 100000, Việt Nam",0.044444444444444446,0.0,0.0,0.0,0.0
Quán ăn Lakeside,ChIJi8mtBgDjNDERTue9c18WWYg,21.318778,105.77625,0.0,Nhà hàng,"8Q9G+F9, Kim Anh, Hà Nội, Việt Nam",0.0,0.0,0.0,0.0,0.0
Nhà Hàng Union Pizza Phan Đình Phùng,ChIJbfrCrh-rNTERnAQ3ksLQ9gs,21.0403708,105.8447128,0.0,Nhà hàng pizza,"10 P. Phan Đình Phùng, Ba Đình, Hà Nội 100000, Việt Nam",0.0,0.0,0.0,0.0,0.0
Nhà Hàng Huy Dê,ChIJcz5So939NDERlz2WLKWqx-Q,21.2772112,105.7361091,0.0,Nhà hàng,"Cách cầu Tre 200m, Kim Anh, Hà Nội, Việt Nam",0.0,0.0,0.0,0.0,0.0
Vua Tào Phớ,ChIJ1d7XUJarNTERc1rKvyoZ0Ps,21.028765,105.844098,0.0,Nhà hàng tráng miệng,"192 P. Hàng Bông, Hoàn Kiếm, Hà Nội, Việt Nam",0.0,0.0,0.0,0.0,0.0
Xíu Mountain Restaurant,ChIJoQ0ZNgADNTER2BNb9fQSwGw,21.257567,105.828933,0.0,Nhà hàng,"7R5H+2HF, Dược Thượng, Sóc Sơn, Hà Nội, Việt Nam",0.0,0.0,0.0,0.0,0.0
"NHÀ HÀNG THANH THẢO Phú Cường, Minh Phú, Sóc Sơn, Hà Nội",ChIJcXB3x2QDNTERFHnw29Xoht0,21.267427,105.7900682,0.0,Nhà hàng cơm,"ĐT35, Phú Cường, Kim Anh, Hà Nội, Việt Nam",0.0,0.0,0.0,0.0,0.0
O'Lam Bánh Tráng Thịt Heo,ChIJfxE5-nIDNTERlvQqtopqytc,21.2626309,105.8520107,0.0,Nhà hàng,"Ng Đông Mã, Khu ĐTM, Sóc Sơn, Hà Nội 10000, Việt Nam",0.0,0.0,0.0,0.0,0.0
Nhà Hàng Sinh Thái Cường Linh,ChIJIQgcjr8cNTERr-gcaCUL_o0,21.30668,105.8532169,0.0,Nhà hàng,"8V43+M7G, Trung Giã, Hà Nội, Việt Nam",0.0,0.0,0.0,0.0,0.0
Quán Ăn Sáng Chung Thu,ChIJo51NgMDjNDER6vHpAQgnAt8,21.3038448,105.7640461,0.0,Nhà hàng,"Đập hồ Đồng Đò, Ngã 3 hồ, minh tân, Kim Anh, Hà Nội 100000, Việt Nam",0.0,0.0,0.0,0.0,0.0
Sunny Camping Sóc Sơn,ChIJdUiwxYMDNTERmZujS0-I_ts,21.2804155,105.8040079,0.0,Quán cà phê,"Dốc Dây Diều, thôn Lâm Nghiệp, Nội Bài, Hà Nội 10000, Việt Nam",0.044444444444444446,0.0,0.0,0.0,0.0
Hẻm Chill - HongKong Night Street in Sóc Sơn,ChIJs4xyldcDNTER29EJEEsbiIo,21.2568325,105.8582247,0.0,Nhà hàng,"7V45+P7Q, Sóc Sơn, Hà Nội, Việt Nam",0.022222222222222223,0.0,0.0,0.0,0.0
Chân gà sốt thái Anh Tiến,ChIJ49zcAmwdNTERjSjCtXO5GQI,21.3564614,105.8288999,0.0,Nhà hàng,"Số 1 KTDT , Tiên chu, Trung Giã, Hà Nội, Việt Nam",0.0,0.0,0.0,0.0,0.0
Chu van thai,ChIJuYHl7L0DNTER5-cpI08oEdo,21.2509354,105.8484801,0.0,Nhà hàng Bangladesh,"ngo 158, Sóc Sơn, Hà Nội, Việt Nam",0.0,0.0,0.0,0.0,0.0
Bún cá,ChIJz3i1RgD9NDERYQmBzttfKmc,21.2475608,105.7701641,0.0,Khu ăn uống,"Chợ Nam Cương, ĐT35, Nội Bài, Hà Nội, Việt Nam",0.0,0.0,0.0,0.0,0.0
Quán Cua,ChIJzU-NGwADNTERWFPmsEz2ieg,21.2630707,105.8518172,0.0,Khu ăn uống,"7V72+6PG, Sóc Sơn, Hà Nội, Việt Nam",0.0,0.0,0.0,0.0,0.0
Panzerotti.hn,ChIJx_2SUMyrNTERmftxJwxgVJw,21.0457213,105.8426563,0.0,Nhà hàng ý,"13a P. Châu Long, Ba Đình, Hà Nội, Việt Nam",0.0,0.0,0.0,0.0,0.0
Table Star Restaurant Lotte Mall Nhà hàng Ý Fusion tại Tây Hồ,ChIJvV3CSZerNTERutvmTZZ5aJs,21.0772257,105.8126256,0.0,Nhà hàng ý,"cạnh Uniqlo Lotte Mall West Lake, 272 Đ. Võ Chí Công, Khu đô thị Ciputra, Tây Hồ, Hà Nội 11200, Việt Nam",0.0,0.0,0.0,0.0,0.0
Bún riêu cua Nghĩa Tá,ChIJazrv_eEDNTER_3BnuzXn_mA,21.2617388,105.8717392,0.0,Khu ăn uống,"Tỉnh lộ 296, Trước Đình, Sóc Sơn, Hà Nội 12207, Việt Nam",0.0,0.0,0.0,0.0,0.0
Quán ăn đêm TRUNG SÁCH,ChIJEW3OSt0DNTERjz0XI72hsbw,21.2828695,105.8594259,0.0,Khu ăn uống,"Số 28 phố thuỷ lợi 2, Sóc Sơn, Hà Nội, Việt Nam",0.0,0.0,0.0,0.0,0.0
Paolo & Chi Italian Restaurant,ChIJYWNsb1OqNTERjVla6IkaUl8,21.0573188,105.8357954,0.0,Nhà hàng ý,"284 Đ. Nghi Tàm, Hồng Hà, Hà Nội 10000, Việt Nam",0.0,0.0,0.0,0.0,0.0
MANO Italian Restaurant & Shop,ChIJ5WGTqDFTNDERZf0qArwpxwo,21.0692317,105.8259156,0.0,Nhà hàng ý,"247B Đ. Âu Cơ, Tây Hồ, Hà Nội 11207, Việt Nam",0.0,0.0,0.0,0.0,0.0
La Bottega,ChIJIXsG8NOrNTERe1cQqJuVPPI,21.0686628,105.8246408,0.0,Nhà hàng ý,"46 Đ. Tô Ngọc Vân, Tây Hồ, Hà Nội 03000, Việt Nam",0.0,0.0,0.0,0.0,0.0
Nhà hàng Mit Garden,ChIJe7pjaQADNTEROqskrMDKjRM,21.2613125,105.8277584,0.0,Khu ăn uống,"7R6H+G4, Sóc Sơn, Hà Nội, Việt Nam",0.0,0.0,0.0,0.0,0.0
Dây Diều - Lòng Dốc quán,ChIJoZXYCFMDNTER1CAhKN8E-rs,21.2794604,105.7992203,0.0,Khu ăn uống,"Dốc Dây Diều, thôn Lâm Trường, Kim Anh, Hà Nội, Việt Nam",0.0,0.0,0.0,0.0,0.0
Quán nhỏ Thủy Tiên - chè cũng đình Huế bốn mùa,ChIJkTM04-4DNTERSgsRGfD0TlU,21.2573466,105.8455209,0.0,Khu ăn uống,"Đ. Đa Phúc, Phố Giữa, Sóc Sơn, Hà Nội 12200, Việt Nam",0.0,0.0,0.0,0.0,0.0
1998coffee&tea,ChIJmTBRRHkdNTER1U-j0bMumXo,21.3292488,105.859233,0.0,Khu ăn uống,"08 đường Trại Rừng - Xóm, Đình Thông, Trung Giã, Hà Nội, Việt Nam",0.022222222222222223,0.0,0.0,0.0,0.0
Nhà hàng SƠN HẢO,ChIJE3Z5-ZivNTERWu_JMeGFtxM,21.3211742,105.8291211,0.0,Khu ăn uống,"Thôn Liên Xuân, Bãi Cam, Trung Giã, Hà Nội 100000, Việt Nam",0.0,0.0,0.0,0.0,0.0
Luna d'Autunno - Italian Pizzeria & Restaurant,ChIJObQwz5erNTERbxE58dL65Rk,21.0264385,105.8427149,0.0,Nhà hàng ý,"27 P. Nam Ngư, Cửa Nam, Hà Nội, Việt Nam",0.0,0.0,0.0,0.0,0.0
LUPO,ChIJYUJ7o3SrNTEROE0nayNAveg,21.0524082,105.8124831,0.0,Nhà hàng ý,"179 P. Trích Sài, Tây Hồ, Hà Nội, Việt Nam",0.0,0.0,0.0,0.0,0.0
Phở tâm lùn,ChIJ3fn-m9j9NDERw7mpcLt4VbI,21.2764531,105.7647318,0.0,Nhà hàng ăn nhanh,"Ngã4, Kênh, Thanh Trí, Kim Anh, Hà Nội, Việt Nam",0.0,0.0,0.0,0.1,0.23529411764705882
Trung Hiếu Mobile,ChIJJy2d8WwdNTER2eufAzmxx7Y,21.3560714,105.8244902,0.0,Nhà hàng,"9R4F+CQH, Trung Giã, Hà Nội, Việt Nam",0.0,0.0,0.0,0.0,0.0
ĐẶC SẢN CHÈ TÂN CƯƠNG THÁI NGUYÊN,ChIJOUGk2pMdNTER5jFtYocxSjI,21.286502,105.872176,0.0,Nhà hàng,"7VPC+JV3, Sơn Đoài, Sóc Sơn, Hà Nội, Việt Nam",0.0,0.0,0.0,0.0,0.0
"One Glamping BBQ, Camping, Coffee",ChIJg1qdHADjNDER1-dOBsvi4K4,21.3088685,105.7665087,0.0,Khu cắm trại,"8Q58+GJR, Kim Anh, Hà Nội, Việt Nam",0.022222222222222223,0.0,0.0,0.0,0.0
Phố Nhậu,ChIJsSs5UBUDNTERPYJDpJJLI1s,21.256806,105.8579829,0.0,Quán bia sân vườn,"Tổ 1, khu đô thị mới, Sóc Sơn, Hà Nội, Việt Nam",0.0,0.0,0.0,0.0,0.0
Q8 CLUB SÓC SƠN,ChIJCbiDHwIDNTERV2GvZMJFxz0,21.2630719,105.8522823,0.0,Quán bar,"Phố Mã, Sóc Sơn, Hà Nội, Việt Nam",0.0,0.0,0.0,0.0,0.0
Nhà Hàng Hoàng Quân,ChIJx5reIXRFNDERC9oYKQnrMks,20.9057594,105.5786914,4.1,Nhà hàng món lẩu,"Xuân Mai, Hà Nội, Việt Nam",0.06666666666666667,0.6458333333333334,0.06756756756756757,0.2,0.17647058823529413
Shushi 95,ChIJUdDYs1ZPNDER0mXe3N54j6E,20.8522668,105.5998451,0.0,Nhà hàng,"Xuân Mai, Hà Nội, Việt Nam",0.0,0.0,0.0,0.0,0.0
Fu Rong Hua - Cantonese Restaurant 9 Đinh Tiên Hoàng,ChIJVyoO87-rNTER2s-92tv6f2M,21.0320256,105.8520696,4.4,Nhà hàng Trung Quốc,"9 Đinh Tiên Hoàng, Hoàn Kiếm, Hà Nội, Việt Nam",0.9555555555555556,0.0625,0.21621621621621623,0.25,0.35294117647058826
6 Fan Lah - Cantonese Eatery,ChIJj7jFYACrNTERIvFs1LU9jpU,21.0329199,105.8082311,4.7,Nhà hàng Quảng Đông,"46 P. Đào Tấn, Giảng Võ, Hà Nội, Việt Nam",1.0,0.25,0.22972972972972974,0.75,0.5882352941176471
Henei Dimsum,ChIJO43j-6KrNTERtcNFukgRRxE,21.0132041,105.8481655,4.8,Nhà hàng Trung Quốc,"63 P. Tô Hiến Thành, Hai Bà Trưng, Hà Nội, Việt Nam",0.4444444444444444,0.1875,0.22972972972972974,0.65,0.5294117647058824
Dimsum HongKong Hanoi,ChIJo_miYACrNTERG34JF3cCVkE,21.0101482,105.8364681,4.8,Nhà hàng điểm tâm,"30B4 P. Phạm Ngọc Thạch, Khu tập thể Kim Liên, Kim Liên, Hà Nội, Việt Nam",0.17777777777777778,0.14583333333333334,0.14864864864864866,0.5,0.7058823529411765
FUTONG DIMSUM - ẩm thực Quảng Đông ngon,ChIJY9l3cQCrNTERYI5fEGn42vg,21.0158639,105.805715,5.0,Nhà hàng Trung Quốc,"133 Đ. Nguyễn Chí Thanh, Láng, Hà Nội, Việt Nam",0.06666666666666667,0.020833333333333332,0.04054054054054054,0.4,0.058823529411764705
Full Moon Dim Sum Hong Kong & International Cuisine,ChIJt9ITXnCrNTERFmRNJKT7ET4,21.0357414,105.8185745,4.6,Nhà hàng,"301 Đội Cấn, Ngọc Hà, Hà Nội 11100, Việt Nam",0.4888888888888889,0.16666666666666666,0.20270270270270271,0.8,0.23529411764705882
FungHa Dimsum Duy Tân,ChIJuU5fMFmrNTERSGjQiBP2UW8,21.0308228,105.7856557,4.9,Nhà hàng,"20 Duy Tân, Cầu Giấy, Hà Nội 100000, Việt Nam",0.08888888888888889,0.041666666666666664,0.06756756756756757,0.1,0.35294117647058826
King Bao Dumpling (Dim Sum),ChIJXWX2oQirNTER8s_bzqRKs9I,21.0675774,105.8262512,4.6,Nhà hàng Trung Quốc,"178 Đ. Xuân Diệu, Tây Hồ, Hà Nội, Việt Nam",0.3333333333333333,0.10416666666666667,0.06756756756756757,0.2,0.23529411764705882
Vinh Dimsum,ChIJix3SwiepNTERigMWQvLZ2JE,21.0339411,105.8799528,4.8,Nhà hàng,"172 P. Hồng Tiến, Lâm Du, Bồ Đề, Hà Nội 10000, Việt Nam",0.2,0.020833333333333332,0.25675675675675674,0.3,0.4117647058823529
Fungha Dimsum,ChIJBaoxTgCrNTER1AuqW7Qb8w8,21.0150751,105.7971862,4.8,Nhà hàng,"28 P. Vũ Phạm Hàm, Yên Hòa, Hà Nội 100000, Việt Nam",0.022222222222222223,0.020833333333333332,0.0945945945945946,0.2,0.29411764705882354
FungHa Dimsum - Hà Đông,ChIJAQf519FTNDERwRwhGpfXAUI,20.9848273,105.7807128,4.8,Nhà hàng Trung Quốc,"TTTM TSQ, P. Vũ Trọng Khánh, Khu đô thị Mỗ Lao, Hà Đông, Hà Nội, Việt Nam",0.1111111111111111,0.020833333333333332,0.10810810810810811,0.15,0.11764705882352941
Bao Dimsum - Hồ Gươm Plaza,ChIJlyk2G_WrNTERPUXC4ff-iFs,20.9790601,105.7856166,4.7,Nhà hàng,"B1, Tòa nhà Hồ Gươm Plaza, Đ. Trần Phú, Hà Đông, Hà Nội 100000, Việt Nam",0.17777777777777778,0.0,0.06756756756756757,0.25,0.17647058823529413
Sushi no hikari,ChIJW5u4CQBVNDER_nLzBvUg1UI,21.0304571,105.774601,4.9,Nhà hàng Nhật Bản,"2 Ngõ 11 Nguyễn Hoàng, Từ Liêm, Hà Nội, Việt Nam",0.37777777777777777,0.041666666666666664,0.1891891891891892,0.65,0.29411764705882354
YAMADA SUSHI,ChIJnaykRgCrNTERxTVxreK_wCg,21.0410184,105.7933577,4.9,Nhà hàng Nhật Bản,"103d6 Ng. 215 P. Tô Hiệu, Nghĩa Đô, Hà Nội, Việt Nam",0.3111111111111111,0.10416666666666667,0.22972972972972974,0.4,0.35294117647058826
KungFu Dimsum,ChIJ5TA2wNyrNTERJ2ciK4cyol4,21.0134598,105.8195792,4.8,Nhà hàng Trung Quốc,"192 P. Thái Hà, Đống Đa, Hà Nội, Việt Nam",0.13333333333333333,0.14583333333333334,0.16216216216216217,0.45,0.35294117647058826
SUSHI ICHI 2 - Sushi & Grill,ChIJhzKX2cCrNTERSCa7af0d3OA,21.0290847,105.843167,4.9,Nhà hàng Nhật Bản,"2F, 28, P. Tống Duy Tân, Hoàn Kiếm, Hà Nội 100000, Việt Nam",0.1111111111111111,0.08333333333333333,0.12162162162162163,0.05,0.11764705882352941
iSushi The Zei Lê Đức Thọ,ChIJ8_qiot1VNDERa7C6TU0JST4,21.0349611,105.7699283,4.8,Nhà hàng,"TTTM The Zei Plaza, 8 Đ. Lê Đức Thọ, Mỹ Đình 1, Từ Liêm, Hà Nội 100000, Việt Nam",0.13333333333333333,0.020833333333333332,0.0945945945945946,0.15,0.29411764705882354
Shiin Sushi Nguyên Hồng,ChIJ1_WEWsurNTER2DpZvPHhndw,21.0162684,105.8102837,4.8,Nhà hàng Nhật Bản,"38a P. Nguyên Hồng, Láng Hạ, Đống Đa, Hà Nội, Láng, Hà Nội 121140, Việt Nam",0.6444444444444445,0.08333333333333333,0.33783783783783783,0.3,0.5882352941176471
Tiệm Mỳ Tiên Sơn - Noodles and Dimsum,ChIJFZnLlpirNTER1cZy7JQeVys,21.029771,105.8488685,4.7,Nhà hàng,"2 Ng. Huyện, Hoàn Kiếm, Hà Nội 11006, Việt Nam",0.3111111111111111,0.08333333333333333,0.20270270270270271,0.55,0.29411764705882354
Saju Sushi & BBQ Restaurant,ChIJYQ_eub-rNTERiW4StIliQmw,21.0464573,105.7950669,4.9,Nhà hàng Nhật Bản,"Somerset Hoa Binh Building, Ng. 106 Đ. Hoàng Quốc Việt, Nghĩa Đô, Hà Nội 100000, Việt Nam",0.35555555555555557,0.3958333333333333,0.47297297297297297,0.65,1.0
NHÀ HÀNG ASAKUSA RYU 浅草 龍,ChIJc9BNBACrNTERwgUzi8eA690,21.0361367,105.8082469,4.9,Nhà hàng Nhật Bản,"57 P. Phan Kế Bính, Giảng Võ, Hà Nội, Việt Nam",0.15555555555555556,0.125,0.3108108108108108,0.65,0.35294117647058826
Koichan Japanese Restaurant,ChIJj3epp-pTNDERP1IjgVx7ds0,20.9572061,105.7666304,4.9,Nhà hàng Nhật Bản,"TT27, 19 P. Văn Phú, Khu Đô Thị Mới, Kiến Hưng, Hà Nội, Việt Nam",0.08888888888888889,0.020833333333333332,0.13513513513513514,0.05,0.17647058823529413
Ushidou Japanese BBQ,ChIJaUq8cACrNTEROBk4Z4tAYYg,21.0352047,105.8094985,4.8,Nhà hàng Nhật Bản,"19 P. Phan Kế Bính, Ngọc Hà, Hà Nội, Việt Nam",0.2222222222222222,0.020833333333333332,0.16216216216216217,0.15,0.11764705882352941
Nhà Hàng Bít Tết Luna,ChIJ2SB8bg2rNTERcwQaoy-XpiQ,21.0354237,105.8183052,4.1,Nhà hàng bít tết,"236 Đội Cấn, Ngọc Hà, Hà Nội, Việt Nam",0.3111111111111111,0.0625,0.16216216216216217,0.75,0.47058823529411764
Bít Tết 1984 - Bò bít tết,ChIJbWBpGUirNTER30X_eUtazGw,21.0178436,105.8535793,5.0,Nhà hàng ăn nhanh,"39 P. Lê Văn Hưu, Hai Bà Trưng, Hà Nội, Việt Nam",0.3111111111111111,0.020833333333333332,0.22972972972972974,0.4,0.47058823529411764
Le Monde Steak,ChIJJdUJv3erNTER6DMWiXm8_nY,21.0329259,105.8081982,4.7,Nhà hàng bít tết,"48-50 P. Đào Tấn, Giảng Võ, Hà Nội 100000, Việt Nam",0.35555555555555557,0.0625,0.05405405405405406,0.3,0.29411764705882354
Fungha Dimsum - Tây Nam Linh Đàm,ChIJ0xuZY4-tNTERqLcHNnrx1x0,20.965085,105.8212073,4.9,Nhà hàng Trung Quốc,"Số 5 Lô TT1A, Khu đô thị Tây Nam Linh Đàm, Hoàng Liệt, Hà Nội 100000, Việt Nam",0.13333333333333333,0.041666666666666664,0.06756756756756757,0.2,0.23529411764705882
Bít Tết Ngọc Hiếu Cs 6 - Hà Đông,ChIJLa78thatNTERD_TIWlXQJZg,20.9879295,105.7847669,4.6,Nhà hàng bít tết,"BT01 - 4 Khu Hoàng Thành Villas, P. Mộ Lao, Hà Đông BT01 - 4, Khu Hoàng Thành, Villas, Đại Mỗ, Hà Nội 12100, Việt Nam",0.4222222222222222,0.0625,0.12162162162162163,0.25,0.23529411764705882
Bít Tết Ngon,ChIJS3jGXQCrNTER2lykvf8-7mQ,21.0169573,105.8027038,4.5,Nhà hàng,"69 Đ. Nguyễn Khang, Cầu Giấy, Hà Nội, Việt Nam",0.15555555555555556,0.041666666666666664,0.04054054054054054,0.15,0.058823529411764705
Bít Tết Vị Gia,ChIJ7f-jJgBVNDERHKAcNwFE9Cw,21.0439318,105.7685472,4.9,Nhà hàng châu Á,"Goldmark City, Phú Diễn, Hà Nội, Việt Nam",0.35555555555555557,0.0,0.0945945945945946,0.35,0.17647058823529413
Boonee - Bít tết Việt chuẩn GU,ChIJhw_Y6BGtNTEROwfE4Wt_eMU,21.0031115,105.8683451,4.8,Nhà hàng,"304 P. Lạc Trung, Vĩnh Tuy, Hà Nội 10000, Việt Nam",0.4,0.08333333333333333,0.06756756756756757,0.3,0.29411764705882354
Mỳ Cay SaSin lâm nghiệp,ChIJhYUYeGBFNDERPaIjDMOxgso,20.9075656,105.5777996,3.1,Nhà hàng,"WH5H+24F, Xuân Mai, Hà Nội, Việt Nam",0.08888888888888889,0.3125,0.02702702702702703,0.3,0.058823529411764705
"THỰC PHẨM SẠCH, HẠT DINH DƯỠNG, NGŨ CỐC, YẾN SÀO CAO CẤP...",ChIJP9vtagBFNDERlma1M3ivjNA,20.8797573,105.5781368,0.0,Nhà hàng cho người ăn chay,"96 chợ Bê Tông, Xuân Trung, Xuân Mai, Hà Nội, Việt Nam",0.0,0.0,0.10810810810810811,0.0,0.0
Bít Tết Hùng Anh - cơ sở 2,ChIJHwgm-oNTNDERpWGuuPd4GAs,21.0050155,105.7323907,5.0,Nhà hàng,"KĐT Lê Trọng Tấn, Geleximco A, An Khánh, Hà Nội, Việt Nam",0.08888888888888889,0.10416666666666667,0.3783783783783784,0.4,0.47058823529411764
Pizza Ace,ChIJHTK_eD9FNDERtzrivzVwLl4,20.9045391,105.5774945,5.0,Nhà hàng pizza,"30C TDP Tân, Xuân Mai, Hà Nội, Việt Nam",0.0,0.0,0.0,0.1,0.11764705882352941
Bun chicken&drinks xuân mai,ChIJK1Q4v9JFNDERPKA6n0_LIJg,20.8985159,105.5701651,5.0,Nhà hàng gia đình,"số 84A tổ 1, khu tân bình, Xuân Mai, Hà Nội, Việt Nam",0.044444444444444446,0.0,0.0,0.1,0.11764705882352941
Bầu Pizza Chương Mỹ,ChIJmQKAQfNFNDERav4KDAGYvQY,20.9041484,105.5788503,4.0,Nhà hàng pizza,"60 QL21A, Xuân Mai, Hà Nội, Việt Nam",0.044444444444444446,0.0,0.013513513513513514,0.15,0.11764705882352941
Bít Tết Ngọc Hiếu Cs 4 - Hàng Cót,ChIJL_0MTV6rNTERDqDbEnW6ojA,21.0387639,105.8469591,4.8,Nhà hàng,"18 Hàng Cót, Phố cổ Hà Nội, Hoàn Kiếm, Hà Nội, Việt Nam",0.044444444444444446,0.041666666666666664,0.14864864864864866,0.25,0.23529411764705882
Bít Tết Phong,ChIJW5vNcgCrNTERE69KU5OcF5g,21.0381413,105.792904,4.8,Nhà hàng,"155 Trần Đăng Ninh, Cầu Giấy, Hà Nội 100000, Việt Nam",0.08888888888888889,0.0625,0.16216216216216217,0.4,0.17647058823529413
Hoa Vượng Quán,ChIJr-Z9MrRbNDERIwGr--va_kI,20.9636491,105.5093731,4.1,Nhà hàng,"XG75+FP5, Cửa Khâu, Yên Xuân, Hà Nội, Việt Nam",0.15555555555555556,0.0,0.013513513513513514,0.4,0.11764705882352941
Deabak Xuân Mai,ChIJQedqUqSrNTER5OGsPXCdOfA,20.9084372,105.577709,3.7,Nhà hàng,"Số 148 Tân Xuân, Xuân Mai, Hà Nội, Việt Nam",0.06666666666666667,0.1875,0.12162162162162163,0.25,0.29411764705882354
Vườn Sinh Thái Làng Chài,ChIJCaXuJGFFNDERnf0scUsYeX8,20.936608,105.5253339,4.8,Nhà hàng,"Tran Voi, Phú Cát, Hà Nội, Việt Nam",0.08888888888888889,0.020833333333333332,0.02702702702702703,0.25,0.0
Khob Khun - Ẩm Thực Thái Lan,ChIJWYbp_YpFNDERKC8JWLRx6mw,20.9074378,105.5779643,4.1,Nhà hàng Thái Lan,"119 Tổ 2 Tân Xuân, Xuân Mai, Hà Nội, Việt Nam",0.08888888888888889,0.2708333333333333,0.04054054054054054,0.2,0.17647058823529413
Cà phê Ôm Mình,ChIJU1EO1dBFNDERXb46O8_KAXA,20.9428778,105.5136456,5.0,Vườn,"Đồng Bèn, Yên Xuân, Hà Nội, Việt Nam",0.8444444444444444,0.020833333333333332,0.0945945945945946,0.0,0.0
HIRYU Japanese Restaurant,ChIJfxYxmUirNTERI63q7cNcFZQ,21.0291172,105.8557497,4.8,Nhà hàng Nhật Bản,"10 P. Trần Nguyên Hãn, French Quarter, Hoàn Kiếm, Hà Nội 100000, Việt Nam",0.37777777777777777,0.25,0.16216216216216217,0.15,0.0
Quán Ăn Thái Liên,ChIJbd757ZRPNDERMHvPFucNkco,20.9116378,105.613718,3.5,Nhà hàng,"WJ67+MF4, QL6, Phố Gốt, Phú Nghĩa, Hà Nội, Việt Nam",0.0,0.020833333333333332,0.0,0.0,0.0
La Pizza Steak Vinsmart,ChIJu_wRod9TNDERiz95oQ3A06Q,21.0034989,105.7373991,4.9,Nhà hàng pizza,"SA201-S06 Toà SA2 Sakura, Vinhomes Smartcity, Tây Mỗ, Hà Nội 13200, Việt Nam",0.26666666666666666,0.041666666666666664,0.10810810810810811,0.4,0.5882352941176471
Mango Fresh Pizza,ChIJWT2jJQBTNDERQUZx0Ud98VU,20.9777246,105.7748914,4.9,Nhà hàng pizza,"39 Đường Vạn Phúc, Hà Đông, Hà Nội, Việt Nam",0.2,0.10416666666666667,0.20270270270270271,0.5,0.29411764705882354
La Cà Tiện Ăn & Uống,ChIJuxwqWABFNDER4R-ugiGQ9zo,20.9006573,105.5740931,5.0,Nhà hàng Thái Lan,"60b Đ. Tân Bình, Xuân Mai, Hà Nội, Việt Nam",0.0,0.020833333333333332,0.013513513513513514,0.1,0.23529411764705882
Pizza&Pub,ChIJMQOeFXKrNTERSyFGxaP7QzM,21.0197115,105.7812662,4.7,Nhà hàng pizza,"SO05A - Toà S2, Vinhomes Skylake, Phạm Hùng, Cầu Giấy, Hà Nội, Việt Nam",0.17777777777777778,0.125,0.0945945945945946,0.2,0.17647058823529413
Tiệm Chè Châu Long,ChIJYWXTJABRNDERSgxD_KIBM44,20.9635952,105.6089995,5.0,Quán cà phê,"XJ75+9HW, Thái Khê, Kiều Phú, Hà Nội, Việt Nam",0.08888888888888889,0.0,0.013513513513513514,0.05,0.0
Bít Tết Ngon Hàm Nghi,ChIJaV_HoMBVNDERq4VFWlKkWzE,21.0350964,105.764891,4.6,Quán ăn nhỏ,"A3 P. Hàm Nghi, Mỹ Đình 1, Từ Liêm, Hà Nội, Việt Nam",0.06666666666666667,0.10416666666666667,0.05405405405405406,0.45,0.058823529411764705
Quán Trâu Tám Hương,ChIJQSH98H5dNDERImRr5FyLhXo,20.9720576,105.4966373,4.3,Nhà hàng,"XFCW+RMC, Gò Chè, Yên Xuân, Hà Nội, Việt Nam",0.022222222222222223,0.041666666666666664,0.08108108108108109,0.3,0.11764705882352941
NYC Pizza,ChIJjcUZXQBVNDERu9R5qkC_FS8,21.0152892,105.7774759,4.8,Nhà hàng pizza,"136 P. Đỗ Đình Thiện, Từ Liêm, Hà Nội, Việt Nam",0.17777777777777778,0.25,0.04054054054054054,0.45,0.23529411764705882
Pizza Hut,ChIJx4nwTfRVNDEREX9VIBpV9Pw,21.0402627,105.7664192,4.9,Nhà hàng pizza,"236 Đ. Hồ Tùng Mậu, Phú Diễn, Hà Nội 100000, Việt Nam",0.06666666666666667,0.041666666666666664,0.0,0.2,0.11764705882352941
Pizza Hut,ChIJIa6KE5BTNDERSj9qZpDAFb4,20.9896171,105.7512878,5.0,Nhà hàng pizza,"Trung tâm thương mại Aeon Mall, Dương Nội, Hà Nội, Việt Nam",0.06666666666666667,0.020833333333333332,0.02702702702702703,0.3,0.23529411764705882
Pizza 4P's Aeon Mall Hà Đông,ChIJjWEPzyxTNDERnVUIaGOikKc,20.9884936,105.7509529,4.9,Nhà hàng pizza,"Dương Nội, Hà Nội 12100, Việt Nam",0.17777777777777778,0.08333333333333333,0.06756756756756757,0.3,0.23529411764705882
Am Mây - Coffee & Tea plus,ChIJ_4s-I2JFNDERMz-y1WTLHqw,20.8971244,105.5755336,4.7,Quán cà phê,"QL6, Xuân Mai, Hà Nội 10000, Việt Nam",0.9111111111111111,0.020833333333333332,0.0,0.2,0.058823529411764705
Nhà Hàng Vua Cá Chúc Sơn,ChIJj3F-ov9NNDERwpBuEVofcsY,20.9244623,105.7002195,4.6,Nhà hàng hải sản,"Đ. Chương Đức, Chương Mỹ, Hà Nội, Việt Nam",0.022222222222222223,0.020833333333333332,0.06756756756756757,0.1,0.0
Nhà Hàng Hai Béo,ChIJq-Y9fLatNTERX8nZoDmypz8,20.9508619,105.80823,4.8,Quán bia,"27 Xóm Điếm, Hữu Từ, Đại Thanh, Hà Nội, Việt Nam",0.0,0.0,0.08108108108108109,0.15,0.058823529411764705
Nhà hàng Buffet Lẩu Chay An Lạc,ChIJc87CaQBTNDERRdYx2jzbOVY,20.9518141,105.7515221,3.0,Nhà hàng món chay,"917 Đ. Quang Trung, Ba La, Phú Lương, Hà Nội 10000, Việt Nam",0.044444444444444446,0.0625,0.13513513513513514,0.15,0.11764705882352941
Nhà hàng Hương Giang,ChIJc-NL3WutNTERWmIkliqkdhU,20.969735,105.7985467,0.0,Nhà hàng,"Bt1-29, KDT Tân Tây Đô, Tân Lập, Thanh Liệt, Hà Nội, Việt Nam",0.0,0.0,0.0,0.0,0.0
Nhà Hàng Thủy Chung,ChIJKVkTDQ62NTERhIJQhXI1kTo,20.7427098,105.8863967,0.0,Nhà hàng,"Tri Lễ, Phú Xuyên, Hà Nội, Việt Nam",0.0,0.0,0.0,0.0,0.0
Nhà Hàng Lâm Thủy,ChIJ_Z-_jdxSNDERh_sKUA6mO3o,20.9600368,105.7630495,0.0,Nhà hàng,"106, Khu đô thị Văn Phú, Kiến Hưng, Hà Nội, Việt Nam",0.0,0.0,0.0,0.0,0.0
Nhà Hàng Ngọc Tuấn,ChIJT4suo9O1NTERjYLNf3Owb3c,20.755697,105.8325549,4.5,Nhà hàng ý,"QR4M+72F, Khu Chợ Đồng Vàng, Phượng Dực, Hà Nội, Việt Nam",0.022222222222222223,0.020833333333333332,0.0,0.05,0.0
Nhà Hàng Hai Béo,ChIJt8MGrBetNTERpLhd8Rd_zhM,20.9524754,105.8268282,4.5,Nhà hàng,"XR2G+XPW, Xóm mới cây đa, Huỳnh Cung, Đại Thanh, Hà Nội, Việt Nam",0.022222222222222223,0.020833333333333332,0.0,0.2,0.0
Nhà Hàng Nhật Minh - Vịt cỏ Vân Đình,ChIJ4V6i9BdTNDERZ5ZoAPoRSzM,20.9577487,105.7663353,3.3,Nhà hàng,"Casta, 110 P. Văn La, Khu đô thị Văn Phú, Kiến Hưng, Hà Nội, Việt Nam",0.022222222222222223,0.0,0.0,0.0,0.0
Nhà Hàng Cây Sữa,ChIJKR7itfdPNDERwlmkMGBkids,20.9245292,105.5958815,4.3,Nhà hàng,"WHFW+R96, TL 412B, Phú Cát, Hà Nội, Việt Nam",0.022222222222222223,0.08333333333333333,0.0,0.0,0.0
Nhà Hàng Ven Sông,ChIJi58bvPCtNTER6CfO-RdwoVw,20.9201236,105.8632248,2.0,Nhà hàng,"WVC7+27X, Thọ Am, Nam Phù, Hà Nội, Việt Nam",0.0,0.0,0.0,0.05,0.0
Nhà Hàng Cơm 1369,ChIJybL7502sNTEREOCHFhcQSys,20.9670059,105.8421741,4.3,Nhà hàng cơm,"1369 Đ. Giải Phóng, Pháp Vân, Hoàng Mai, Hà Nội, Việt Nam",0.0,0.0,0.0,0.1,0.0
Nhà hàng Little Sheep Hot Pot,ChIJJ2MpXiJTNDERWuY-zSi_sGI,20.9699448,105.7806152,5.0,Nhà hàng,"37 P. BàTriệu, Hà Đông, Hà Nội, Việt Nam",0.044444444444444446,0.020833333333333332,0.0,0.1,0.0
Nhà Hàng Dê Cố Đô Ninh Bình,ChIJYbe8BwCtNTERlnkceF8Qkwk,20.9613104,105.8235111,4.0,Nhà hàng,"BT04-05, TT5A, 05 Ng. 15 Bằng Liệt, Khu đô thị Tây Nam Linh Đàm, Hoàng Liệt, Hà Nội, Việt Nam",0.26666666666666666,0.25,0.24324324324324326,0.4,0.23529411764705882
Nhà Hàng Gà Tươi Danh Đức,ChIJK9pZxwGtNTERSJa80gMm5cI,20.9620765,105.8250409,3.4,Nhà hàng,"Khu đô thị Tây Nam Linh Đàm, Hoàng Liệt, Hà Nội, Việt Nam",0.022222222222222223,0.08333333333333333,0.05405405405405406,0.15,0.0
Nhà hàng Lương Thạo,ChIJKzKWVjOzNTERZuccNnlmtbg,20.896186,105.835868,4.0,Nhà hàng,"VRWP+F8H, Thường Tín, Hà Nội, Việt Nam",0.022222222222222223,0.020833333333333332,0.0,0.15,0.11764705882352941
Nhà Hàng Đại Phong 3 - Bia Hơi Hà Nội,ChIJF1ljhdGtNTER2DGMvYiusEA,20.9664335,105.8021757,3.8,Nhà hàng,"68 Phạm Tu, Thanh Liệt, Hà Nội 100000, Việt Nam",0.0,0.0,0.0,0.0,0.0
Nhà Hàng Anh Đào,ChIJx1JH5BG2NTERWTLqUvE29vk,20.7421014,105.8882133,3.5,Nhà hàng,"PVRQ+R7W, Đại Nghiệp, Phú Xuyên, Hà Nội, Việt Nam",0.044444444444444446,0.0,0.0,0.0,0.0
Nhà hàng Chiên Béo - Gà Tươi XaLa - Hà Đông,ChIJVRxlbQOtNTER9uwiOZ2MwPE,20.9605149,105.7925873,4.1,Nhà hàng,"KĐT Xa La, Khu đô thị Xa La, Hà Đông, Hà Nội, Việt Nam",0.022222222222222223,0.0,0.13513513513513514,0.2,0.11764705882352941
Nhà hàng đồng quê Vĩnh Quỳnh,ChIJzwHxJNSrNTERKcNInYnfDnc,20.934823,105.8290555,4.0,Nhà hàng,"Cụm 13, Vĩnh Ninh, Đại Thanh, Hà Nội 100000, Việt Nam",0.022222222222222223,0.020833333333333332,0.0,0.2,0.0
Nhà hàng Tân Thanh,ChIJT9PoxRqtNTER1S_ZJnCWU90,20.934279,105.7918174,5.0,Nhà hàng,"WQMV+J2C, Hoàng Phong, Bình Minh, Hà Nội, Việt Nam",0.0,0.0,0.0,0.0,0.0
Nhà Hàng Biển Bia Vua Lẩu Ếch,ChIJL_fGTM-tNTERlc0jihFhLHQ,20.9616676,105.8246924,3.9,Nhà hàng,"06 TT4A, Khu đô thị Tây Nam Linh Đàm, Hoàng Liệt, Hà Nội 100000, Việt Nam",0.044444444444444446,0.22916666666666666,0.05405405405405406,0.55,0.11764705882352941
Cafe New,ChIJl4PtJXtFNDER9IwBFAQpF3A,20.9038756,105.5856728,4.3,Nhà hàng,"2 QL6, Xuân Mai, Hà Nội, Việt Nam",0.0,0.0,0.0,0.0,0.0
nhà hàng Long Bích,ChIJEUN5_xqzNTERZb6wj6NrhNg,20.8858451,105.7897383,4.3,Nhà hàng,"VQPQ+8VQ, ĐT427B, Song Khê, Tam Hưng, Hà Nội, Việt Nam",0.022222222222222223,0.0,0.0,0.0,0.0
Nhà Hàng Dê Hoàng Sơn,ChIJkX64A35FNDERMwt_p-DMywQ,20.8912563,105.5799889,4.8,Nhà hàng,"Thôn Xuân Thủy, Xuân Mai, Hà Nội 10000, Việt Nam",0.022222222222222223,0.0,0.0,0.0,0.0
Nhà Hàng Bia Tác,ChIJ7c0DrZWtNTERBl7IEhz1Z6M,20.935356,105.8491242,3.8,Nhà hàng,"Đ. Quang Lai Đ. Tứ Hiệp, Thanh Trì, Hà Nội, Việt Nam",0.022222222222222223,0.0,0.013513513513513514,0.2,0.11764705882352941
Nhà Hàng Thịt Chó Bốn Mùa,ChIJUepHg-BSNDER9qM2I_qnSjE,20.9664056,105.7581607,3.6,Nhà hàng,"168 Lê Trọng Tấn, Hà Đông, Hà Nội, Việt Nam",0.022222222222222223,0.041666666666666664,0.013513513513513514,0.1,0.058823529411764705
Nam Ga 1 Restaurant,ChIJGW7HqRmtNTERUR9Oz6_OCkk,20.9559927,105.809129,3.6,Quán bia,"3/8, Cau To Street, Huu Hoa Commune, Thanh Tri District, Đại Thanh, Hà Nội, Việt Nam",0.0,0.0,0.02702702702702703,0.05,0.11764705882352941
Nhà hàng Thanh Sơn,ChIJR9VEV7KtNTER-Cd-hxGtbbc,20.9575059,105.8430415,4.0,Quán ăn nhỏ,"83 Ngọc Hồi, Hoàng Liệt, Hà Nội 100000, Việt Nam",0.0,0.0,0.013513513513513514,0.3,0.0
Nhà hàng Bia Tiệp Trần Gia,ChIJWzz7ZDWzNTERcIcdJF6o784,20.867518,105.861787,3.9,Nhà hàng,"Thường Tín, Hà Nội, Việt Nam",0.06666666666666667,0.0,0.013513513513513514,0.0,0.0
Pizza Hà Nội,ChIJ-0CmbACrNTERaKwXU2qEevk,21.0206894,105.7760941,5.0,Nhà hàng pizza,"42 Ng. 402 Đ. Mỹ Đình, Đình Thôn, Từ Liêm, Hà Nội 100000, Việt Nam",0.022222222222222223,0.020833333333333332,0.013513513513513514,0.15,0.17647058823529413
Nhà Hàng Hải Sản Sao Việt,ChIJrzmL__6sNTERCpGHKltkiyM,20.9663535,105.8259118,4.4,Nhà hàng,"Rice City Linh Đàm - Tòa Bắc, sô 9BT1, Hoàng Liệt, Hà Nội, Việt Nam",0.0,0.041666666666666664,0.02702702702702703,0.0,0.0
Nhà hàng Tân Thanh,ChIJQQn36JWtNTERs8undU4pqTw,20.9551323,105.7891178,5.0,Nhà hàng,"Luxury, Lô 14B CTT8, khu đô thị, Kiến Hưng, Hà Nội 10000, Việt Nam",0.022222222222222223,0.0,0.0,0.0,0.0
Nhà Hàng Việt Hùng,ChIJg13pUSdPNDERhIBKQL8xYVo,20.92572,105.651877,4.2,Nhà hàng,"WMG2+7QJ, QL6, Phú Nghĩa, Hà Nội, Việt Nam",0.022222222222222223,0.0,0.0,0.05,0.0
Nhà hàng Bụi Thái,ChIJVY22cNhSNDERcCGsbT9XZLQ,20.9684446,105.7682341,3.7,Nhà hàng Thái Lan,"Ngô Thì Nhậm/KĐG Hà Cầu, Hà Đông, Hà Nội 100000, Việt Nam",0.022222222222222223,0.0625,0.0,0.0,0.0
Nhà Hàng Anh Vũ,ChIJU0gOZymtNTERI7JS3ocE4hY,20.9627902,105.788466,5.0,Nhà hàng,"XQ7Q+498, Khu đô thị Xa La, Hà Đông, Hà Nội, Việt Nam",0.044444444444444446,0.020833333333333332,0.0,0.0,0.0
Nhà Hàng Bia Đông Nam,ChIJb_dvUv6sNTERi25BU4rgehg,20.9652015,105.8238816,5.0,Nhà hàng,"6 Nguyễn Hữu Thọ, Hoàng Liệt, Hà Nội 100000, Việt Nam",0.0,0.041666666666666664,0.0,0.0,0.0
Nhà Hàng Hoàng Anh,ChIJ9SwiIaFNNDERP9bsppJGEW4,20.8789659,105.7011968,4.1,Nhà hàng,"Thái Hòa, Quảng Bị, Hà Nội, Việt Nam",0.022222222222222223,0.0625,0.0945945945945946,0.0,0.0
Nhà Hàng Bia Tưởng,ChIJT-fRmfmtNTERXoGq8hmcu3k,20.9177805,105.8665057,4.0,Nhà hàng,"Đại Đồng, Nam Phù, Hà Nội, Việt Nam",0.022222222222222223,0.0,0.0,0.05,0.0
Nhà hàng Bít Tết Như Ý,ChIJfcrVUMdTNDERnK-tsJOhpXM,20.9744656,105.7571863,4.7,Nhà hàng,"V11/B10, khu đô thị Terra, Khu đô thị An Hưng, Dương Nội, Hà Nội, Việt Nam",0.13333333333333333,0.125,0.06756756756756757,0.0,0.0
Nhà Hàng Dê Vân Linh,ChIJCW0kVuatNTEROiT86OON6zA,20.9542208,105.8470213,4.1,Nhà hàng,"BT4, Ô số 5, P. Trần Thủ Độ, Yên Sở, Hà Nội, Việt Nam",0.06666666666666667,0.0,0.013513513513513514,0.2,0.0
Nhà hàng bê tông Xuân Mai,ChIJP4V_qsZFNDERjQSh1ko7qeo,20.8785142,105.5773077,4.3,Nhà hàng,"VHHG+CW3 TT Dịch Vụ Tổng Hợp, Xuân Trung, Xuân Mai, Hà Nội, Việt Nam",0.022222222222222223,0.0,0.0,0.0,0.058823529411764705
Nhà Hàng Dũng Dê,ChIJz73hC1lLNDERl2_VL7MKeOE,20.8098839,105.7058995,4.4,Nhà hàng gia đình,"22 ĐT429, Phúc Sơn, Hà Nội, Việt Nam",0.06666666666666667,0.041666666666666664,0.013513513513513514,0.05,0.0
Nhà Hàng Bia Tân Lộc,ChIJxUGSa5WtNTER7GqU1Zf7MUg,20.9366287,105.8506833,3.8,Nhà hàng,"TT2.21, Khu Đấu Giá, Thanh Trì, Hà Nội, Việt Nam",0.044444444444444446,0.08333333333333333,0.013513513513513514,0.2,0.11764705882352941
Bún Hến Phú Xuyên,ChIJoQmNzbpTNDERHlEnwtU-RqY,20.945011,105.754935,5.0,Nhà hàng,"124 Xốm, Phú Lương, Hà Nội, Việt Nam",0.0,0.041666666666666664,0.013513513513513514,0.05,0.0
Bún riêu bề bề Hà Oanh,ChIJTfiZduGtNTER2t_U_SH_FnM,20.969972,105.7921405,5.0,Nhà hàng,"2 Nguyễn Khuyến, Khu đô thị Văn Quán, Hà Đông, Hà Nội, Việt Nam",0.0,0.020833333333333332,0.04054054054054054,0.1,0.058823529411764705
Thi Bún Cá,ChIJXXD8q1lTNDER8CCccdV_IBw,20.9597025,105.7441873,5.0,Nhà hàng,"khu đất dịch vụ Hoà Bình, Yên Nghĩa, Hà Nội, Việt Nam",0.0,0.10416666666666667,0.0,0.0,0.0
Nhà Hàng Khau Phạ Cá Hồi Cá Tầm,ChIJ7YYUMcVSNDERWkzPswAJ3go,20.9569485,105.7687585,3.8,Nhà hàng món cá,"Khu đô thị Văn Phú, Kiến Hưng, Hà Nội, Việt Nam",0.1111111111111111,0.08333333333333333,0.10810810810810811,0.25,0.058823529411764705
Bún Cá Minh Hạnh,ChIJ6apbvxKtNTEREBMFVAyKt6M,20.9689828,105.7884652,4.3,Nhà hàng,"XQ9Q+H9W, Yên Phúc, Hà Đông, Hà Nội, Việt Nam",0.022222222222222223,0.08333333333333333,0.06756756756756757,0.3,0.0
"Bún Cá, Bánh Đa Cá Rô Đồng Thái Bình - Kỳ Lệ",ChIJtzv4fttTNDERBjhgLuBKjpM,20.9409702,105.7570641,4.8,Nhà hàng,"283 Xốm, Trinh Lương, Phú Lương, Hà Nội, Việt Nam",0.06666666666666667,0.0,0.08108108108108109,0.2,0.11764705882352941
Nhà Hàng Mộc Sinh,ChIJTYPdyoCtNTERKE4dqkcZagE,20.9627071,105.7929969,3.9,Nhà hàng,"BT12-VT1, Khu đô thị Xa La, Hà Đông, Hà Nội, Việt Nam",0.06666666666666667,0.0,0.04054054054054054,0.3,0.11764705882352941
Nhà Hàng Vương Quốc Gà,ChIJR5MRUGGtNTEReYNz8psVYms,20.962501,105.7944838,3.8,Nhà hàng thịt gà,"BT 11, VỊ TRÍ 12, Đường Phúc La-Văn Phú, Khu đô thị Xa La, Hà Đông, Hà Nội, Việt Nam",0.022222222222222223,0.0625,0.10810810810810811,0.3,0.23529411764705882
Quán Bún Bò Huế Anh Thơ,ChIJvazUQLpFNDERYJxqtEjIULU,20.9044045,105.5786035,4.8,Quán ăn nhỏ,"23 QL21A, Xuân Mai, Hà Nội, Việt Nam",0.0,0.0,0.0,0.1,0.0
Nhà Hàng Phú Thảo,ChIJLeSE1LlMNDERiDePgxcYyEM,20.8497726,105.7699861,4.2,Nhà hàng,"6 Kim Lâm Đỗ Động, Thanh Oai, Hà Nội, Việt Nam",0.0,0.0,0.0,0.0,0.0
"Bún Cô Sáu - Bún Chả Mỡ, Bún Cá & Bún Đậu Mẹt",ChIJ_W4iWACtNTERM_huFyN3F-Y,20.9701127,105.7898287,4.7,Nhà hàng,"44 P. Bạch Thái Bưởi, Hà Đông, Hà Nội, Việt Nam",0.0,0.0,0.02702702702702703,0.1,0.11764705882352941
Nhà Hàng Uyển Linh VTV1,ChIJs-PCjFA1NDERflqbpmlvEA4,20.7285672,105.7714723,3.7,Nhà hàng,"Số 49 Cầu Thanh Ấm, Vân Đình, Hà Nội 10000, Việt Nam",0.08888888888888889,0.08333333333333333,0.05405405405405406,0.2,0.058823529411764705
Bún Bun Bun,ChIJhT2QIgetNTEREfmIJuu_ASs,20.9656788,105.8227835,5.0,Nhà hàng chuyên phục vụ bữa sáng,"Khu đô thị Bắc Linh Đàm, Hoàng Liệt, Hà Nội, Việt Nam",0.022222222222222223,0.0,0.02702702702702703,0.15,0.11764705882352941
Nhà Hàng Dê Sơn Dương,ChIJn94uETpTNDER0x3VpMViAKI,20.9697493,105.7551443,4.1,Nhà hàng,"307 tổ 4, Hà Đông, Hà Nội, Việt Nam",0.08888888888888889,0.0625,0.06756756756756757,0.15,0.11764705882352941
Đặc sản Bún riêu cua Bà Đức,ChIJZ7bo3ZOtNTERtdQDssKGsT0,20.9373154,105.8357829,4.4,Nhà hàng gia đình,"WRPP+W8F, Quỳnh Đô, Đại Thanh, Hà Nội, Việt Nam",0.2,0.041666666666666664,0.04054054054054054,0.3,0.0
Nhà Hàng Luân Diệp Châu,ChIJndz5lV1bNDERSS-DxJ38j9s,20.9449591,105.5685765,4.6,Nhà hàng,"Xóm K680, Bạch Thạch, Phú Cát, Hà Nội 30015, Việt Nam",0.022222222222222223,0.041666666666666664,0.04054054054054054,0.1,0.0
Bún Chả Cầu Đen,ChIJrzCkxNZSNDERLYC2w5Pde1c,20.970419,105.781742,4.1,Nhà hàng,"Đ. Tô Hiệu/22 P. Nguyễn Trãi, Hà Đông, Hà Nội, Việt Nam",0.06666666666666667,0.125,0.17567567567567569,0.2,0.7058823529411765
Vua Cá Hồi Xuân Mai,ChIJG43eWQBFNDERCyHW2DOgeKs,20.8921087,105.5696805,4.6,Nhà hàng món cá,"22 Chiến Thắng, Xuân Mai, Hà Nội, Việt Nam",0.022222222222222223,0.020833333333333332,0.05405405405405406,0.05,0.0
Bún bò Huế - Anh Dũng,ChIJAQAAACetNTER3ZMXO3mUkUk,20.965616,105.7923295,4.4,Nhà hàng ăn nhanh,"18 Đ. Phùng Hưng, Hà Đông, Hà Nội, Việt Nam",0.06666666666666667,0.020833333333333332,0.13513513513513514,0.35,0.6470588235294118
BUMTRO - Bún Trộn Nam Bộ - Ngô Thì Nhậm,ChIJ3acYybxTNDERfr-Afvd83nM,20.9687359,105.7698545,4.2,Nhà hàng,"2/13 Ngô Thì Nhậm, Hà Đông, Hà Nội 100000, Việt Nam",0.022222222222222223,0.0625,0.17567567567567569,0.4,0.35294117647058826
Nhà hàng Nguyễn Vũ,ChIJEWdJFfizNTERG5c_J7d1Nf0,20.9116693,105.8461019,4.3,Nhà hàng,"WR6W+MC9, Ngọc Hồi, Hà Nội, Việt Nam",0.022222222222222223,0.0,0.0,0.0,0.0
Bún Cá Thuỳ,ChIJgX0W0TGtNTERvnuHcDtGx1E,20.9697801,105.798826,4.3,Nhà hàng,"NV7/Số 8 Đ. Yên Xá, Tổng Cục 5, Thanh Liệt, Hà Nội 000084, Việt Nam",0.0,0.041666666666666664,0.02702702702702703,0.2,0.0
Quán Bún Chả Hà Thành nem cua bể,ChIJaTkAoyitNTERULNTSipv06w,20.962064,105.7934628,4.9,Nhà hàng,"Kiôt số 35 ct4a, Khu đô thị Xa La, Hà Đông, Hà Nội, Việt Nam",0.022222222222222223,0.020833333333333332,0.0,0.05,0.11764705882352941
Nhà Hàng Anh Sơn Quán,ChIJy5jU4IGrNTERicCI3wfZKsU,20.9623291,105.7718559,4.0,Nhà hàng,"34 TT16, Khu đô thị Văn Phú, Kiến Hưng, Hà Nội, Việt Nam",0.022222222222222223,0.020833333333333332,0.0,0.2,0.0
Nhà hàng Minh Khôi,ChIJUyBaSJCzNTERy3Oh0-6uXIc,20.8807269,105.8630242,4.5,Nhà hàng,"VVJ7+76R, Thường Tín, Hà Nội, Việt Nam",0.0,0.0,0.0,0.0,0.0
Nhà Hàng Vinh Còi,ChIJtQkwXG2zNTERGCmExTEijAU,20.8720671,105.8695369,4.1,Nhà hàng,"Thường Tín, Hà Nội, Việt Nam",0.022222222222222223,0.0,0.02702702702702703,0.05,0.058823529411764705
Ốc 88 Xuân Mai,ChIJoUx_YgBFNDERYrPKcalaHW0,20.9081059,105.5777105,2.0,Quán ăn nhỏ,"WH5H+63W, Xuân Mai, Hà Nội, Việt Nam",0.0,0.08333333333333333,0.013513513513513514,0.2,0.11764705882352941
Quán Bẹp Béo - Bún cá chấm & Bún tôm Đất Mỏ,ChIJbfIBOQBTNDERZVisDz7NHrQ,20.9578035,105.7662907,4.7,Quán ăn nhỏ,"110 P. Tống Tất Thắng, Khu đô thị Văn Phú, Kiến Hưng, Hà Nội 121000, Việt Nam",0.06666666666666667,0.0625,0.10810810810810811,0.25,0.0
Cơ sở Sản Xuất Bún Tươi Bà Thọ,ChIJxxHKjRZNNDERLBFz_94MMrc,20.9047838,105.6976184,5.0,Nhà sản xuất thực phẩm,"thôn 2, Chương Mỹ, Hà Nội 100000, Việt Nam",0.0,0.0,0.05405405405405406,0.0,0.0
Bumtro- Bún trộn Nam Bộ 4 phan trọng tuệ,ChIJobgrFaCtNTERVrCPnOKn8hA,20.9429116,105.8428881,5.0,Khu ăn uống,"31/2/4 Đ. Phan Trọng Tuệ, Thanh Trì, Hà Nội 100000, Việt Nam",0.0,0.0,0.013513513513513514,0.15,0.11764705882352941
Bún Bò Huế,ChIJ-8g0Z_ytNTERtc4atJUzH44,20.95891,105.8048365,4.5,Nhà hàng,"Đ. Cầu Bươu/27 Đ. Phan Trọng Tuệ, Thanh Liệt, Hà Nội, Việt Nam",0.08888888888888889,0.08333333333333333,0.12162162162162163,0.2,0.29411764705882354
Pizza Lala,ChIJn15qX6JTNDER1LqVyg8PoGQ,21.0090554,105.7206627,4.8,Nhà hàng pizza,"An Khánh, Hà Nội, Việt Nam",0.06666666666666667,0.125,0.10810810810810811,0.3,0.47058823529411764
Bún Ốc Bà Tuyết,ChIJqZnWf3OtNTER7GsaQxYHtV4,20.9531101,105.8440877,4.5,Nhà hàng,"XR3V+6JW, Unnamed, Road, Yên Sở, Hà Nội, Việt Nam",0.0,0.0,0.06756756756756757,0.15,0.0
Bún Đậu Hiệp Bệu,ChIJtUVpK-9FNDERPuieqLw6GNA,20.9050103,105.5787102,4.4,Quán ăn nhỏ,"WH4H+2F4, Xuân Mai, Hà Nội, Việt Nam",0.0,0.0,0.013513513513513514,0.25,0.11764705882352941
"BÀ CHÌA - Bún Bò Huế, Cơm Tấm, Cơm Niêu",ChIJgbLTyxutNTERVOLrumdRkzw,20.9651011,105.8242915,3.2,Nhà hàng,"toà nhà CT4AX2, Khu đô thị Bắc Linh Đàm, Hoàng Liệt, Hà Nội 100000, Việt Nam",0.13333333333333333,0.08333333333333333,0.17567567567567569,0.2,0.29411764705882354
La Pizza Steak - Splendora,ChIJaURQ5zlTNDERc-6beTHKYJE,21.016101,105.7222171,5.0,Nhà hàng ý,"Ô 8 Phố đi bộ, Khu đô thị Bắc An Khánh, Sơn Đồng, Hà Nội 03000, Việt Nam",0.08888888888888889,0.125,0.17567567567567569,0.15,0.17647058823529413
Bún Cá Ngon Năm Tấn,ChIJ66nn3_tTNDERJu6YAG3P74Y,20.9568098,105.7680582,4.2,Nhà hàng,"341 Lacasta, Khu đô thị Văn Phú, Kiến Hưng, Hà Nội, Việt Nam",0.044444444444444446,0.041666666666666664,0.08108108108108109,0.1,0.23529411764705882
Nhà Hàng Đổng Giang,ChIJ26s6dSitNTER494ZUd-9hTo,20.9651825,105.7938415,4.0,Nhà hàng,"L2 Đ. Yên Xá, Yên Xá, Hà Đông, Hà Nội, Việt Nam",0.044444444444444446,0.22916666666666666,0.0,0.35,0.0
Bún Bò Huế - Sắc Huế,ChIJW1IhbrCzNTERWs0ozv_RQRU,20.8676026,105.8617879,4.4,Nhà hàng,"156 Đ Trần Phú, Thường Tín, Hà Nội, Việt Nam",0.044444444444444446,0.0625,0.013513513513513514,0.35,0.17647058823529413
Bún ốc Pháp Vân - Kiều Nhi,ChIJ3daqviStNTERmS_hvmjeNJ0,20.9670029,105.8447647,4.9,Nhà hàng,"4 Ng. 25 P. Bùi Huy Bích, Pháp Vân, Hoàng Mai, Hà Nội, Việt Nam",0.06666666666666667,0.020833333333333332,0.08108108108108109,0.25,0.17647058823529413
Bún Bò Huế Cô Ba,ChIJCcRr2zitNTERE6-SD-SsJS8,20.9219295,105.8556631,4.3,Nhà hàng,"WVC4+Q69 Ngọc Hồi, Hà Nội Số nhà 5A11, tập thể X130, Ngọc Hồi, Hà Nội 10000, Việt Nam",0.044444444444444446,0.0,0.013513513513513514,0.25,0.11764705882352941
Nhà Hàng Rắn Luyện Hà,ChIJTbgq7CVONDER7BtrGZYqHmE,20.9172332,105.6446828,4.0,Nhà hàng,"khu nhà ở, trường yên, thôn Phù Yên, Phú Nghĩa, Hà Nội, Việt Nam",0.022222222222222223,0.0,0.0,0.05,0.0
Bún CÁ Ngon Thường Tín,ChIJcWRNS3WzNTERgv368kLSKek,20.868608,105.8415501,4.3,Nhà hàng,"VR9R+CJV, Đường Trần Phú, Thường Tín, Hà Nội, Việt Nam",0.0,0.0,0.02702702702702703,0.05,0.0
Nhà Hàng Dê Văn Quán,ChIJLYij1dasNTERwJJir-4g0lk,20.9661393,105.7769282,4.3,Nhà hàng,"133 Đ. Tô Hiệu, Hà Đông, Hà Nội, Việt Nam",0.08888888888888889,0.0625,0.02702702702702703,0.1,0.058823529411764705
Phở gà - bún - miến ngan,ChIJeeJ4mGBTNDERvAdJRbTcHbY,20.9558684,105.7358795,4.8,Quán ăn nhỏ,"L46 P. Yên Lộ, Yên Nghĩa, Hà Nội, Việt Nam",0.0,0.020833333333333332,0.0,0.15,0.11764705882352941
Bún Riêu cua ngon Bà Diệu,ChIJ-XpwdCKxNTERA1y2VK2J2BE,20.9045889,105.8877412,5.0,Nhà hàng,"WV3Q+R3Q, Unnamed Road, Đại Lộ, Hồng Vân, Hà Nội, Việt Nam",0.0,0.0,0.0,0.05,0.0
Ăn sáng Bún Phở Sốt Vang,ChIJhRuPXNhTNDERX572R3LXXkM,20.956208,105.7571487,5.0,Nhà hàng,"XQ44+FVJ, QL6, Ba La, Kiến Hưng, Hà Nội, Việt Nam",0.0,0.0,0.0,0.1,0.11764705882352941
Bún Bò Huế O Lộc,ChIJgScdyCmtNTERQSZSwkqpcFs,20.964176,105.7832654,4.3,Nhà hàng chuyên phục vụ bữa sáng,"167 P. Hà Trì, Hà Trì, Hà Đông, Hà Nội, Việt Nam",0.044444444444444446,0.20833333333333334,0.08108108108108109,0.15,0.17647058823529413
Bún bò Huế Huyền Anh 4,ChIJE1zmctWxNTERKNFMFnrNUVM,20.8687633,105.8858051,4.5,Quán ăn nhẹ,"2-8 Đ. Trần Trọng Liêu, Hồng Vân, Hà Nội, Việt Nam",0.0,0.0,0.05405405405405406,0.1,0.17647058823529413
Bún Chả Tô Hiệu,ChIJa6271ipTNDERDDhk-FSW8J0,20.9702074,105.7816407,4.1,Quán mì,"XQCJ+3MJ, Hà Đông, Hà Nội, Việt Nam",0.022222222222222223,0.041666666666666664,0.04054054054054054,0.3,0.35294117647058826
Chày Quán Bún Đậu Mắm Tôm,ChIJt2wFxhKtNTERgR7qEcx2JX0,20.962173,105.8381572,4.6,Nhà hàng đậu hũ,"123 P. Linh Đường, Hoàng Liệt, Hà Nội, Việt Nam",0.08888888888888889,0.041666666666666664,0.04054054054054054,0.35,0.29411764705882354
Bún Ốc 109 Bế Văn Đàn,ChIJA-8_yilTNDERBWelKLStFU4,20.970012,105.7737356,4.1,Quán ăn nhỏ,"109 P. Bế Văn Đàn, Hà Đông, Hà Nội, Việt Nam",0.022222222222222223,0.08333333333333333,0.06756756756756757,0.35,0.0
Bún cá - Bánh đa cá Huy Lơ,ChIJO267ct5TNDERor4R4LXHddI,20.9650018,105.7775035,4.9,Quán ăn nhỏ,"179 P. Lê Lai, Hà Đông, Hà Nội, Việt Nam",0.022222222222222223,0.041666666666666664,0.08108108108108109,0.2,0.11764705882352941
Quán Béo - Bún Đậu Mẹt,ChIJpb21E9isNTERYv1C_qWRs2U,20.9673008,105.7950411,4.0,Quán ăn nhỏ,"20 Ng. 21 Đ. Yên Xá, Yên Xá, Thanh Liệt, Hà Nội, Việt Nam",0.022222222222222223,0.0,0.013513513513513514,0.25,0.11764705882352941
Bún miến Ngan Huy Loan,ChIJh82tJCCtNTERQN37d1XosAU,20.9631388,105.7936066,5.0,Nhà hàng,"28 lk2, Khu đô thị Xa La, Hà Đông, Hà Nội, Việt Nam",0.0,0.0,0.0,0.0,0.0
Bún Chả Thủy Quân,ChIJcxSTEo5TNDER2baY0Lz-Mi0,20.9689793,105.7702912,4.6,Nhà hàng,"Lô A73 Đồng Dưa, Hà Đông, Hà Nội, Việt Nam",0.022222222222222223,0.0,0.0,0.0,0.0
Bún riêu cua Quang Minh,ChIJfwueZsatNTERV3-A35IBi_U,20.9611824,105.7944698,4.2,Nhà hàng chuyên phục vụ bữa sáng,"vị trí, Liền Kề/6 4, Khu đô thị Xa La, Hà Đông, Hà Nội, Việt Nam",0.0,0.020833333333333332,0.013513513513513514,0.15,0.11764705882352941
Bún Riêu Bà Kiều,ChIJA9CK8WhTNDERS6E8PUuMsDI,20.9571744,105.7685505,3.7,Nhà hàng ăn nhanh,"Lacasta/349 P. Văn Phú, Khu đô thị Văn Phú, Kiến Hưng, Hà Nội 10000, Việt Nam",0.044444444444444446,0.08333333333333333,0.06756756756756757,0.25,0.4117647058823529
Bún chả Vân Thường,ChIJJVWtqQRTNDERkaycNFmXt64,20.9699449,105.7806864,3.8,Quán ăn nhỏ,"37 P. BàTriệu, Hà Đông, Hà Nội, Việt Nam",0.0,0.0,0.0,0.1,0.0
Bún Cá Cơ Sở 1,ChIJc0Jf0SCtNTERBNmAOIwrWxI,20.9646425,105.8209846,5.0,Quán ăn nhỏ,"Số 15 TT1A, Số 15, Khu đô thị Tây Nam Linh Đàm, Hoàng Liệt, Hà Nội, Việt Nam",0.0,0.0,0.0,0.1,0.0
Bún Chả Cô Huyền,ChIJFRfgGuKtNTERCkzxJSIfA_A,20.9549848,105.8417479,4.4,Quán ăn nhỏ,"42 Đ. Tựu Liệt, Hoàng Liệt, Hà Nội 10000, Việt Nam",0.044444444444444446,0.0,0.04054054054054054,0.25,0.11764705882352941
Nhà Hàng Ba Béo Thịt Chó,ChIJd47G2yetNTERfFkhOoVFAto,20.964331,105.7940698,4.0,Nhà hàng,"89 đường 70, Yên Xá, Hà Đông, Hà Nội, Việt Nam",0.044444444444444446,0.041666666666666664,0.013513513513513514,0.15,0.23529411764705882
Bún Riêu Ốc Gia An Quán,ChIJpYk6LDOtNTEREEk2HCXlyDw,20.9251671,105.8555292,5.0,Nhà hàng gia đình,"WVG4+36, Thanh Trì, Hà Nội, Việt Nam",0.044444444444444446,0.0,0.04054054054054054,0.1,0.11764705882352941
Nhà Hàng Thịt Chó Cây Si,ChIJdXoWPY2tNTERRm-Qxc1vmuc,20.9244259,105.8512732,3.9,Nhà hàng Việt Nam,"km 13 QL1A, Ngọc Hồi, Thanh Trì, Hà Nội, Việt Nam",0.044444444444444446,0.0,0.0,0.2,0.0
Nhà Hàng Trâu Hồng Anh 1,ChIJEQ8At71bNDERJNpdXeL24to,20.9636638,105.5046155,4.3,Nhà hàng,"Hồ Cửa Khâu, Yên Xuân, Hà Nội, Việt Nam",0.044444444444444446,0.0,0.04054054054054054,0.15,0.058823529411764705
Bún Chả Cầu Đơ,ChIJP83JxSlTNDEReOt_kkJkZqg,20.9692215,105.7741778,4.7,Quán ăn nhỏ,"173 Đ. Quang Trung, Hà Đông, Hà Nội, Việt Nam",0.022222222222222223,0.020833333333333332,0.06756756756756757,0.3,0.11764705882352941
Mộc Mẹt Quán - Bún đậu mắm tôm,ChIJX1e7U5ZTNDERespVDPu0O4A,20.9636891,105.7694856,4.1,Quán ăn nhỏ,"XQ79+FQH, LK 20B, Khu đô thị Văn Phú, Kiến Hưng, Hà Nội, Việt Nam",0.022222222222222223,0.0,0.013513513513513514,0.3,0.11764705882352941
Bún chả Cô Loan,ChIJJ-A-vwutNTEReE3dPBhVmyw,20.9618766,105.8391347,5.0,Nhà hàng,"76 Ng. 46 Đ. Ngọc Hồi, Hoàng Liệt, Hà Nội, Việt Nam",0.0,0.0,0.0,0.05,0.11764705882352941
Bún Chả Hồng Nguyễn,ChIJ93XvNv9TNDERkXRlBY_NIcQ,20.9599184,105.7689338,4.5,Nhà hàng gia đình,"9 Ng. 30 P. Văn Phú, Khu đô thị Văn Phú, Kiến Hưng, Hà Nội, Việt Nam",0.044444444444444446,0.0,0.02702702702702703,0.1,0.0
BÚN CÁ BIỂN THANH TRÌ,ChIJBcaRVQ6tNTERkhH7Qt33ZAI,20.925199,105.855559,5.0,Nhà hàng hải sản,"WVG4+36F, Đ. Vũ Lăng, Thanh Trì, Hà Nội, Việt Nam",0.0,0.020833333333333332,0.02702702702702703,0.0,0.0
BÚN RIÊU CUA GIA AN,ChIJBc866pJTNDERhiIDgxl5Qto,20.9675997,105.7566218,4.7,Nhà hàng,"634 Giếng Sen, Hà Đông, Hà Nội, Việt Nam",0.044444444444444446,0.020833333333333332,0.04054054054054054,0.25,0.0
"Coffee Phố Bún ( Phố Bún , Tân Tiến",ChIJbzczmnxPNDERwWK9bl9gtlo,20.8846432,105.6061627,5.0,Quán cà phê,"VJM4+RF, Xuân Mai, Hà Nội 100000, Việt Nam",0.2222222222222222,0.0,0.0,0.0,0.0
Bún dọc mùng phố cổ,ChIJb1BOk9VTNDERx0CW0-yJ-ZI,20.9629955,105.775032,4.1,Quán ăn nhỏ,"R3 Hyundai Hillsmall, P Đ. Tô Hiệu, Hà Đông, Hà Nội, Việt Nam",0.08888888888888889,0.020833333333333332,0.16216216216216217,0.5,0.23529411764705882
Bún bò Huế Ngự Lãm,ChIJVaKS3FNNNDERUMnYm4NE0LU,20.9244888,105.7016771,4.2,Nhà hàng châu Á,"WPF2+RP8, Chương Mỹ, Hà Nội, Việt Nam",0.022222222222222223,0.020833333333333332,0.08108108108108109,0.15,0.35294117647058826
Bún Hải Sản Hiền Lương,ChIJw1WelwZFNDERxUmjsN5WygU,20.9001307,105.5765688,4.1,Quán mì,"số 10 tổ 3 Tân bình, Xuân Mai, Hà Nội, Việt Nam",0.0,0.0,0.05405405405405406,0.15,0.0
Quán Bún Đậu ngon,ChIJ9e_GlpmtNTERExIkqBjBw1w,20.9475205,105.8496976,4.8,Quán ăn nhỏ,"102 Đ. Tứ Hiệp, Cổ Điển, Thanh Trì, Hà Nội 00084, Việt Nam",0.0,0.0,0.0,0.15,0.11764705882352941
Bún bò huế thủy trung,ChIJD2ZTXctFNDERB3x-Kxsppuk,20.8999832,105.5729091,4.6,Quán ăn nhỏ,"VHXF+X5V, Đ. Tân Bình, Xuân Mai, Hà Nội, Việt Nam",0.0,0.0,0.0,0.1,0.0
Bún cá số 1 Hoàng Mai,ChIJKyxfTVWsNTER3IAoxtRumPU,20.9631041,105.8298095,4.0,Quán ăn nhỏ,"Nơ 7A, Khu đô thị Linh Đàm, Hoàng Liệt, Hà Nội, Việt Nam",0.022222222222222223,0.041666666666666664,0.14864864864864866,0.35,0.11764705882352941
Nhà Hàng Dê Sinh Béo,ChIJ65caCl9FNDERYZtJj-zyhGk,20.8926578,105.5808036,3.7,Nhà hàng,"VHVJ+387, Cầu Sắt, thôn Xuân Thuỷ, Xuân Mai, Hà Nội, Việt Nam",0.24444444444444444,0.10416666666666667,0.05405405405405406,0.3,0.0
Bún Chả - Sự Trung,ChIJhyzo_edTNDERmrUWqMk4HeM,20.9575742,105.7337118,4.2,Quán ăn nhỏ,"U03, L23 Khu Đô Thị Đô Nghĩa, P. Yên Lộ, Yên Nghĩa, Hà Nội, Việt Nam",0.1111111111111111,0.0625,0.04054054054054054,0.3,0.11764705882352941
Chúc Sơn Trang Bún Chả,ChIJkcWbO_BNNDERnaGpfPo32JY,20.9180955,105.7018106,4.0,Nhà hàng,"Chương Mỹ, Hà Nội, Việt Nam",0.022222222222222223,0.0,0.013513513513513514,0.2,0.11764705882352941
Bún riêu cua đậu - Khánh Chuông,ChIJVxK5QMZTNDEReHIcO5dq4hI,20.9662756,105.7708189,4.4,Quán ăn nhỏ,"5 P. Lý Thường Kiệt, Hà Đông, Hà Nội, Việt Nam",0.022222222222222223,0.0,0.02702702702702703,0.4,0.11764705882352941
Tuấn Béo Bún Cá Ốc Bò,ChIJPQxG9y2rNTERpsczeU1B4X4,20.9661245,105.7765461,4.5,Quán mì,"142 Đ. Tô Hiệu, Hà Đông, Hà Nội, Việt Nam",0.022222222222222223,0.020833333333333332,0.04054054054054054,0.1,0.0
Nhà Hàng Dê Thảo Nguyên,ChIJVQl7qZZbNDERm_QvxieYc6Y,20.9437423,105.5548145,4.5,Nhà hàng,"WHV3+FWW bưu điện long, Phú Cát, Hà Nội, Việt Nam",0.022222222222222223,0.020833333333333332,0.02702702702702703,0.0,0.0
Bún chả ngon,ChIJE56bUlKtNTERHpQoVWenTVQ,20.9702446,105.8296162,3.8,Nhà hàng châu Á,"10 P. Đặng Xuân Bảng, Khu đô thị Bắc Linh Đàm, Định Công, Hà Nội, Việt Nam",0.0,0.020833333333333332,0.013513513513513514,0.1,0.17647058823529413
Bún Chả Phương Anh,ChIJc9S_uZ1NNDERhg0tiLgMpfM,20.9266434,105.6883111,4.0,Điểm phát chẩn đồ ăn,"QL6, Cao Sơn, Chương Mỹ, Hà Nội, Việt Nam",0.0,0.020833333333333332,0.013513513513513514,0.0,0.0
Bún bò huế ngự bình,ChIJzQMgO0WtNTERvJ5A9kNtJWE,20.9698953,105.7920742,3.8,Nhà hàng,"2 Nguyễn Khuyến, Khu đô thị Văn Quán, Hà Đông, Hà Nội, Việt Nam",0.0,0.125,0.08108108108108109,0.35,0.29411764705882354
Bún Miến Ngan Thúy,ChIJMy-Tb9asNTERBFKG-LIVZBc,20.9689898,105.7886645,4.3,Quán mì,"53- D5 Đường Nguyễn Sơn Hà- Khu Giãn Dân, P, Yên Phúc, Hà Đông, Hà Nội 100000, Việt Nam",0.0,0.041666666666666664,0.06756756756756757,0.05,0.11764705882352941
Bún chả. Linh Đàm,ChIJNe5rGjStNTERXTdtQH4gIu0,20.9630551,105.8323215,4.3,Nhà hàng bán đồ ăn mang về,"P. Bằng Liệt, Khu đô thị Linh Đàm, Hoàng Liệt, Hà Nội, Việt Nam",0.022222222222222223,0.0,0.0,0.05,0.11764705882352941
Bún Giả Cầy,ChIJ8dZ4zzCtNTERM7p7XGdbgSY,20.9627509,105.830301,4.6,Quán ăn nhỏ,"nhà NƠ 8, Khu đô thị Linh Đàm, Hoàng Liệt, Hà Nội, Việt Nam",0.022222222222222223,0.020833333333333332,0.0,0.35,0.11764705882352941
Bún cô Béo,ChIJdSu0OuitNTERimlxf84XZOI,20.9691748,105.7874413,4.0,Nhà hàng,"số 10 - D7- giãn dân yên phíc, Hà Đông, Hà Nội, Việt Nam",0.044444444444444446,0.020833333333333332,0.02702702702702703,0.05,0.11764705882352941
Bánh Đa Cua Hải Phòng - Bún cá - Quán cô Thắm,ChIJ97u1SPStNTERESyXUotTzPc,20.9684042,105.8247445,4.6,Quán ăn nhỏ,"CT1-X2, Khu đô thị Bắc Linh Đàm, Định Công, Hà Nội, Việt Nam",0.08888888888888889,0.041666666666666664,0.4594594594594595,0.55,0.29411764705882354
Bún ốc sườn Ngão,ChIJCf5gnvutNTERUyUtJ_2Bbvo,20.9385584,105.8476961,5.0,Nhà hàng ăn nhanh,"TT8-04 khu TĐC X4, Đ. Quang Lai, Thanh Trì, Hà Nội, Việt Nam",0.0,0.0,0.013513513513513514,0.3,0.35294117647058826
Bún cá cay Hải Phòng Cậu Đoành cơ sở 29,ChIJpcWSvi1TNDERxXtRlN_Orb8,20.9568899,105.7686289,4.3,Nhà hàng gia đình,"V6C04 Victoria, P. Văn Phú, Kiến Hưng, Hà Nội, Việt Nam",0.06666666666666667,0.3125,0.0945945945945946,0.05,0.17647058823529413
Nhà Hàng Anh Quân,ChIJM3yMznVTNDERnBlkIyqwko0,20.9403747,105.7665124,4.8,Nhà hàng thịt gà,"P. Phú Lương, Nhân Trạch, Phú Lương, Hà Nội, Việt Nam",0.08888888888888889,0.020833333333333332,0.013513513513513514,0.1,0.11764705882352941
Hương Béo Bún Cá Cay Hải Phòng,ChIJRcP5eLOtNTER41mA-mfsvXA,20.9587622,105.8460729,4.1,Nhà hàng,"XR5W+GC4, P. Trần Thủ Độ, Hai Bà Trưng, Hà Nội, Việt Nam",0.13333333333333333,0.4583333333333333,0.10810810810810811,0.2,0.0
Nhà Hàng Mường Vang,ChIJwf5aD9hSNDER8XrsmMMewTc,20.9684553,105.769618,5.0,Nhà hàng,"4 Ngô Thì Nhậm, Hà Đông, Hà Nội 100000, Việt Nam",0.0,0.0,0.0,0.0,0.0
Bún bò Huế,ChIJfyYTEOBTNDERE7O2tpZiwyw,20.9375772,105.7582222,3.6,Nhà hàng,"321 tổ 10, Trinh Lương, Phú Lương, Hà Nội, Việt Nam",0.0,0.020833333333333332,0.05405405405405406,0.0,0.0
Bún chả cô Tuyết,ChIJu1538nStNTERXExg4xenx6U,20.9507898,105.8448514,4.3,Quán ăn nhỏ,"XR2V+8W9, Đ. Nguyễn Bồ Đ. Tứ Hiệp, Thanh Trì, Hà Nội, Việt Nam",0.0,0.020833333333333332,0.0,0.35,0.11764705882352941
Nhà Hàng Long Thịnh Cao Viên,ChIJSbe1bnNNNDERpBEbimvLG_E,20.9024908,105.7458807,4.2,Nhà hàng,"284 Đ. Liên Thôn, thôn Trung, Bình Minh, Hà Nội, Việt Nam",0.0,0.0,0.0,0.1,0.0
Bún Bò Huế Ngự Bình Xuân Mai,ChIJd9NyNjpFNDEReFe_-_Mmaxk,20.9043556,105.5786522,3.9,Nhà hàng,"21 tổ 3 khu Tân Xuân, Xuân Mai, Hà Nội, Việt Nam",0.0,0.020833333333333332,0.04054054054054054,0.0,0.0
Bún chả,ChIJY4WgDlNTNDERjdSQz_-q-Fs,20.9609428,105.7620293,4.1,Nhà hàng,"182 Ng. 12, Dương Nội, Hà Nội, Việt Nam",0.0,0.020833333333333332,0.013513513513513514,0.0,0.0
Quán Bún Lòng Định Béo,ChIJ74Aix3pFNDERrmzpJgJvHDs,20.8960526,105.5661799,4.6,Nhà hàng,"VHW8+G8F, Unnamed, Road, Xuân Mai, Hà Nội, Việt Nam",0.0,0.0,0.0,0.0,0.0
Quán Bún Miến Anh Thực,ChIJKwA2M-hSNDERrnHtnEXEXII,20.9553897,105.7576455,3.7,Quán mì,"60, Quốc Lộ 21B, Phường Phú La, Quận Hà Đông, Kiến Hưng, Hà Nội, Việt Nam",0.0,0.020833333333333332,0.0,0.05,0.058823529411764705
Bún chả ngọc chung,ChIJYRlT6-UDNTERLgdjRQRbebU,21.2814886,105.8433393,5.0,Nhà hàng chuyên phục vụ bữa sáng,"Đường lên Đền Gióng, Sóc Sơn, Hà Nội, Việt Nam",0.0,0.0,0.0,0.1,0.11764705882352941
"Bún chả, Canh cá rô đồng Tuấn Hạnh",ChIJmfg_shYDNTERl565lHI6188,21.2573752,105.8458162,4.3,Nhà hàng,"30 Đ. Đa Phúc, Phố Giữa, Sóc Sơn, Hà Nội, Việt Nam",0.0,0.0,0.0,0.1,0.11764705882352941
Nhà Hàng Trâu Tươi Anh Ba,ChIJ-269xBQDNTERd6UGKG5sPbQ,21.2432697,105.8493241,4.3,Nhà hàng,"Miếu Thờ, Xã, Khu tái định cư, Sóc Sơn, Hà Nội, Việt Nam",0.0,0.041666666666666664,0.3783783783783784,0.2,0.0
Nhà Hàng Anh Tuấn,ChIJRYyLKocDNTER8WWVMOpeJe4,21.2416996,105.8044033,4.4,Nhà hàng,"6RR3+MQC, Đường Băng, Tân An, Nội Bài, Hà Nội, Việt Nam",0.022222222222222223,0.0,0.013513513513513514,0.05,0.0
Bún Phở Tiến Hà,ChIJGUwiGnr9NDERgMRKEsrzOtk,21.2810666,105.767301,4.3,Quán ăn nhỏ,"7QJ8+CWF, Đá Bạc, Kim Anh, Hà Nội, Việt Nam",0.0,0.0,0.02702702702702703,0.1,0.0
Nhà Hàng Ẩm Thực Đồi Ra Đa,ChIJC0SmOgMDNTER-jWpucCh-PM,21.2519832,105.8327235,4.2,Nhà hàng,"7R2M+Q3X, ĐT131, Sóc Sơn, Hà Nội, Việt Nam",0.022222222222222223,0.041666666666666664,0.0,0.0,0.0
Nhà hàng Thọ Chình,ChIJqQmz6o39NDERSbBa4v_78uQ,21.2876274,105.7681251,4.2,Nhà hàng,"7QQ9+372, đường đánh golf, Đá Bạc, Kim Anh, Hà Nội, Việt Nam",0.044444444444444446,0.08333333333333333,0.05405405405405406,0.45,0.11764705882352941
Bún Dọc Mùng - 109 Ngô Chi Lan,ChIJwRY__L4DNTERBy__j1MW1_I,21.2507223,105.8481248,4.8,Quán ăn nhỏ,"109 Ng. Chi Lan, Đồng Mốc, Sóc Sơn, Hà Nội, Việt Nam",0.0,0.125,0.05405405405405406,0.3,0.058823529411764705
Nhà hàng TOÀN THẮNG,ChIJ3U_yFEr9NDER6BpYvFs5R8s,21.2470951,105.7696093,4.1,Nhà hàng,"Số 113 khu chợ, Nam Cương, Nội Bài, Hà Nội, Việt Nam",0.044444444444444446,0.041666666666666664,0.013513513513513514,0.05,0.0
Nhà Hàng Thành Long,ChIJ0WQQEWsDNTERzLHTNn7GAXU,21.2601982,105.8527699,4.0,Nhà hàng,"Đường P. Lưu Nhân Chú, khu đô thị mới, Sóc Sơn, Hà Nội, Việt Nam",0.0,0.041666666666666664,0.013513513513513514,0.15,0.0
Nhà Hàng Mạnh Hương,ChIJjW1iEJP9NDERyfeRdvTQE08,21.2407542,105.7390583,4.3,Nhà hàng món lẩu,"6PRQ+8J3, Điền Thanh, Kim Anh, Hà Nội, Việt Nam",0.0,0.041666666666666664,0.013513513513513514,0.0,0.058823529411764705
Nhà hàng Cơm Việt,ChIJxVWL50YDNTERk7amKXwPiMk,21.2562694,105.8579972,4.5,Nhà hàng,"7V45+G55, Sóc Sơn, Hà Nội, Việt Nam",0.044444444444444446,0.020833333333333332,0.05405405405405406,0.05,0.058823529411764705
Bún Bò Giò Heo,ChIJPVfNCBUDNTERy_ERWcfBVT4,21.2604505,105.8498445,4.4,Quán mì,"7R6X+5WQ, tt., Sóc Sơn, Hà Nội, Việt Nam",0.0,0.0,0.0,0.0,0.0
Nhà Hàng Hường Trường,ChIJqXZ1NwMDNTERYlXFivElTJY,21.2516366,105.8329946,4.0,Nhà hàng,"7R2M+M55, ĐT131, Đồi ra đa, Sóc Sơn, Hà Nội, Việt Nam",0.022222222222222223,0.08333333333333333,0.06756756756756757,0.55,0.0
Nhà Hàng Lưu Quyền,ChIJSaIQMGf9NDER8kUsbEEiEH8,21.2836856,105.7738117,4.3,Nhà hàng,"Số 25 đường 14 xóm đá bạc phú ninh, Sóc Sơn, Hà Nội, Việt Nam",0.022222222222222223,0.041666666666666664,0.04054054054054054,0.35,0.17647058823529413
Nhà Hàng Bảo Đạt,ChIJIzGV6XgFNTERUiiE7vJlNaI,21.2739746,105.887128,3.9,Nhà hàng gia đình,"7VFP+HVJ, Đa Phúc, Hà Nội, Việt Nam",0.044444444444444446,0.0,0.0,0.0,0.0
Nhà Hàng Bảy Hiền,ChIJcfFPYT79NDERsMkKmN55M6s,21.2679216,105.7656877,4.9,Nhà hàng,"Thanh Trí, Kim Anh, Hà Nội 100000, Việt Nam",0.044444444444444446,0.0,0.02702702702702703,0.0,0.0
Cháo lòng Minh Lộc,ChIJS9SrvbcDNTERwjtIXcDo_vg,21.2575592,105.8569324,4.1,Quán ăn nhỏ,"179 Đ. Núi Đôi, Phố Giữa, Sóc Sơn, Hà Nội, Việt Nam",0.0,0.0,0.013513513513513514,0.1,0.0
Cháo Vịt Sơn Thuý,ChIJhdkiDQAdNTERP3r__4U6E4w,21.3112464,105.8672384,0.0,Nhà hàng món nướng,"8V68+FVH, QL3, phố Nỉ, Trung Giã, Hà Nội, Việt Nam",0.0,0.0625,0.0,0.0,0.0
Trà đá cây đa,ChIJ8_YDke4DNTERO8Hi66TEZSY,21.2570873,105.8517208,4.0,Quán cà phê,"Đ. Núi Đôi, Phố Giữa, Sóc Sơn, Hà Nội 10000, Việt Nam",0.3333333333333333,0.0,0.0,0.0,0.0
Cháo Dinh Dưỡng Beecook Phố Nỉ,ChIJW0SqzgYdNTERDQ8fU7jUrr4,21.311414,105.8675537,0.0,Nhà hàng,"Cổng chợ chính, phố Nỉ, Trung Giã, Hà Nội 100000, Việt Nam",0.022222222222222223,0.0,0.013513513513513514,0.1,0.0
Quán Cháo Trai Cầu Xây,ChIJNdNhGwD9NDER5ODTiswzD0U,21.2411192,105.7341939,5.0,Unknown,"6PRM+CMW, Phúc Yên, Phú Thọ, Việt Nam",0.0,0.0,0.0,0.0,0.0
Loan Béo Quán Bún Cá - Bún Chả,ChIJKY_Efl4CNTERwZQF3IVPKQU,21.2377712,105.8080605,5.0,Nhà hàng,"Xuân Bách, Nội Bài, Hà Nội, Việt Nam",0.0,0.0,0.02702702702702703,0.05,0.11764705882352941
Miến Ngan Đức Trọc,ChIJrYGzXQAFNTERwOA5Hj85Kmg,21.2425963,105.8874998,4.7,Nhà hàng,"6VRP+XXM, 83 ĐT131, khu Thá, Đa Phúc, Hà Nội 100000, Việt Nam",0.0,0.0,0.0,0.0,0.0
Bún Bò Huế 15,ChIJ6y60DyQDNTER-0Tvz_iRkz0,21.2378436,105.808336,5.0,Nhà hàng,"Đường Nam, Xuân Bách, Nội Bài, Hà Nội, Việt Nam",0.0,0.0,0.0,0.05,0.0
Nhà Hàng Vân Golf,ChIJqyXaDy8DNTERCfGHM6WwUNg,21.2814824,105.8428848,4.3,Nhà hàng,"7RJV+H5J, Sóc Sơn, Hà Nội, Việt Nam",0.06666666666666667,0.14583333333333334,0.10810810810810811,0.6,0.0
Quán phở bò gia truyền Nam Định,ChIJXW7qWgD9NDERexqY0cbRyCM,21.2475608,105.7701641,0.0,Nhà hàng,"Chợ Nam Cương, Nội Bài, Hà Nội, Việt Nam",0.0,0.0,0.0,0.0,0.0
Phở bò Thế Vững cơ sở mới,ChIJ08KrBgAdNTERL4NIA3h65lw,21.3114253,105.8670463,1.0,Quán ăn nhỏ,"8V68+HRG, phố Nỉ, Trung Giã, Hà Nội 100000, Việt Nam",0.0,0.0,0.0,0.1,0.0
Vịt Quay Thảo Mộc,ChIJEWeBKJQDNTERNdUyqkzR4Ew,21.2564891,105.8394571,0.0,Nhà hàng,"231 Đ. Đa Phúc, Dược Thượng, Sóc Sơn, Hà Nội, Việt Nam",0.0,0.0,0.0,0.0,0.0
Huyền Trang Phở Bò,ChIJOzkJIwMDNTER12Wj67imdBw,21.251424,105.8325592,0.0,Nhà hàng,"7R2M+H27, ĐT131, Sóc Sơn, Hà Nội, Việt Nam",0.0,0.0,0.0,0.0,0.0
"Gà, vịt, chả, cá nướng Thanh Xì",ChIJOWeJNQAdNTERdV9Q2usN6Ms,21.309558,105.86651,0.0,Nhà hàng,"31, phố Nỉ, Trung Giã, Hà Nội, Việt Nam",0.0,0.041666666666666664,0.0,0.0,0.0
Cháo Dinh Dường Panda,ChIJs8ivmeIcNTERUyKslabOteI,21.3207486,105.8296218,5.0,Nhà hàng,"Trung Giã, Hà Nội, Việt Nam",0.0,0.0,0.0,0.0,0.0
Bánh Mì Tuấn Tú,ChIJRTCTpEADNTERThNJlaRjGXM,21.2669951,105.8531266,5.0,Nhà hàng,"63 QL3, Sóc Sơn, Hà Nội, Việt Nam",0.0,0.020833333333333332,0.0,0.0,0.0
Cường Cháo Lòng - Bún Chả,ChIJywCJWgADNTERAqLQImz8u4c,21.278377,105.7910644,0.0,Nhà hàng chuyên phục vụ bữa sáng,"7QGR+W7Q, Phú Nghĩa, Kim Anh, Hà Nội, Việt Nam",0.0,0.0,0.0,0.0,0.0
Cháo Dinh Dưỡng An Vy,ChIJ-4nmKgADNTER_kqdeRSMRI4,21.2738408,105.8505444,5.0,Nhà hàng châu Á,"87 Đường lên Đền Gióng, Sóc Sơn, Hà Nội, Việt Nam",0.0,0.0,0.0,0.0,0.0
Nhà Hàng Đồng Xanh,ChIJgZt8Wt_8NDERdMu0tC46llM,21.2785538,105.73462,4.1,Nhà hàng,"7PHM+CRH, Kim Anh, Hà Nội, Việt Nam",0.044444444444444446,0.020833333333333332,0.0,0.0,0.0
Phở Bò Hiền Chiến,ChIJh3wS6FgdNTERibORm8V0s8M,21.3096985,105.8666137,3.7,Nhà hàng phở,"QL3, phố Nỉ, Trung Giã, Hà Nội, Việt Nam",0.0,0.020833333333333332,0.0,0.05,0.0
Phở bò Dũng Béo nỉ,ChIJvRgJbVwdNTERqPXtPAspqrQ,21.317156,105.8683769,2.0,Nhà hàng,"8V89+V96, QL3, phố Nỉ, Trung Giã, Hà Nội, Việt Nam",0.0,0.0,0.0,0.0,0.0
Chè Mây - Chè Ngon Thanh Mát,ChIJi7i3BQD5NDERecvxgTQJ2YQ,21.1919633,105.6474821,4.7,Quán cà phê,"Xóm 4, Yên Lãng, Hà Nội, Việt Nam",0.08888888888888889,0.0,0.3783783783783784,0.1,0.0
Phở Bò Cơm Rang Tùng Lâm,ChIJ61imSVQDNTERnmIbZYoNe7Y,21.256301,105.8389193,4.0,Nhà hàng phở,"251 Đ. Đa Phúc, Dược Thượng, Sóc Sơn, Hà Nội, Việt Nam",0.0,0.0,0.0,0.0,0.0
Đại Lý Kẹo Chè Lam Loan Tấn,ChIJAT0g2kZYNDERs2ZVwNl0y6w,21.097339,105.5676622,4.5,Nhà hàng,"3HW9+W3M, QL32, Thạch Thất, Hà Nội, Việt Nam",0.0,0.0,0.0,0.1,0.0
Huy Hoàng Phở Bò Nam Định,ChIJgWHMSrIcNTER5hfbr6nebBc,21.2888403,105.861339,5.0,Nhà hàng,"Trung Giã, Hà Nội, Việt Nam",0.0,0.0,0.0,0.0,0.0
Quán Phở Bò - Mai Anh xinh đẹp,ChIJP4snCgAdNTERGrE5BRYboMw,21.2903344,105.861491,5.0,Quán ăn nhỏ,"75 QL3, Trung Giã, Hà Nội, Việt Nam",0.0,0.0,0.0,0.1,0.0
Phở Bò Nam Định Thế Vững,ChIJ2QqewZIdNTERKHwUq6TEtsU,21.3131047,105.8677291,4.0,Nhà hàng phở,"phố Nỉ, Trung Giã, Hà Nội, Việt Nam",0.0,0.020833333333333332,0.0,0.15,0.11764705882352941
Vịt cỏ Vân Đình Quang Huy 89,ChIJt62xj0IDNTERWfCpCLu6OK0,21.2682803,105.8540496,5.0,Nhà hàng,"83 QL3, Phố Mã, Sóc Sơn, Hà Nội, Việt Nam",0.0,0.0,0.0,0.0,0.0
Mì cay jeju sóc sơn,ChIJ-1WKMAADNTERjdCkYHaVgZY,21.2556883,105.8477082,4.0,Nhà hàng Hàn Quốc,"42 tổ 5, Phố Giữa, Sóc Sơn, Hà Nội, Việt Nam",0.022222222222222223,0.0625,0.0,0.0,0.0
Phở bò Hoàng Hiệp,ChIJ7caOGQADNTERACtphMg6UoM,21.2573078,105.857735,0.0,Nhà hàng,"7V45+W3H, Sóc Sơn, Hà Nội, Việt Nam",0.0,0.0,0.0,0.0,0.0
Phở bò Nam Định Tuấn Điệp,ChIJidFfZQADNTERRjX7MQYMQ78,21.2597656,105.8515884,5.0,Nhà hàng gia đình,"04 P. Thân Nhân Trung, Phố Giữa, Sóc Sơn, Hà Nội 100000, Việt Nam",0.044444444444444446,0.0,0.0,0.0,0.0
Vịt 88,ChIJf3TrTpgdNTERz0IalX6qK7I,21.2911783,105.8502586,5.0,Nhà hàng món nướng,"Chợ thanh quang, Cộng Hòa, Sóc Sơn, Hà Nội, Việt Nam",0.0,0.0625,0.0,0.0,0.0
Phở Bò Ngọc Anh,ChIJB1Kn1KQcNTER2psyjYy2LFM,21.2992098,105.8642847,5.0,Nhà hàng phở,"7VX7+MPM, QL3, Xuân Sơn, Trung Giã, Hà Nội, Việt Nam",0.0,0.0,0.0,0.0,0.0
Vịt cỏ Vân Đình Tiến Yến,ChIJLzLDagAdNTER8Acx7SwMQ3M,21.3256224,105.8735659,5.0,Nhà hàng món nướng,"8VGF+6CW, QL3, Trung Giã, Hà Nội, Việt Nam",0.0,0.041666666666666664,0.0,0.0,0.0
Phở Bò Dũng Béo,ChIJQ_jkYAD9NDERJ08ddYJfwyM,21.2749191,105.7279877,4.8,Nhà hàng phở,"96 Trường Chinh, Xuân Hòa, Phú Thọ, Việt Nam",0.022222222222222223,0.0,0.06756756756756757,0.0,0.058823529411764705
Quán Vịt Sơn Thuý,ChIJlzv2DwAdNTERtDyS4KVZWYg,21.3153395,105.8730678,0.0,Nhà hàng ăn nhanh,"8V8F+46P, Phong Mỹ, Trung Giã, Hà Nội, Việt Nam",0.0,0.020833333333333332,0.0,0.1,0.23529411764705882
Thu Phương Phở Bò Nam Định,ChIJMRgcBBQDNTER04gehmR0jXo,21.257308,105.8470132,0.0,Nhà hàng,"Phố Giữa, Sóc Sơn, Hà Nội, Việt Nam",0.0,0.0,0.0,0.0,0.0
Trang Nam Quán Bún bò Huế Lươn xứ Nghệ,ChIJQ9oFIwADNTERkhYa303cOqU,21.2571212,105.8512219,4.0,Nhà hàng châu Á,"40 Đ. Núi Đôi, Phố Giữa, Sóc Sơn, Hà Nội, Việt Nam",0.0,0.041666666666666664,0.02702702702702703,0.05,0.17647058823529413
Phở Bò 83 Tái-Chín,ChIJCTtEgbEcNTERRxQxxgJqseI,21.2906967,105.8616038,4.2,Nhà hàng phở,"7VR6+7JH, QL3, Trung Giã, Hà Nội, Việt Nam",0.022222222222222223,0.08333333333333333,0.05405405405405406,0.15,0.0
Phở Long,ChIJJTJicAADNTERzATqRtMPLA4,21.2496863,105.8482536,5.0,Nhà hàng phở,"91 QL3, Đồng Mốc, Sóc Sơn, Hà Nội, Việt Nam",0.0,0.020833333333333332,0.04054054054054054,0.0,0.058823529411764705
Phở gà Minh Phương,ChIJOTCypBEDNTER8u5-jLxsDZc,21.2760154,105.7965451,4.0,Nhà hàng phở,"Kim Anh, Hà Nội, Việt Nam",0.08888888888888889,0.041666666666666664,0.05405405405405406,0.25,0.17647058823529413
Phở bò tuyên Hương,ChIJMw3i3coDNTER6BV_ned5zDs,21.270491,105.79124,4.5,Nhà hàng,"Cột Mốc H4/10 - Doanh Trại QĐND Việt Nam Xóm Phú Cường Hiền Ninh, Trước 70M, ĐT35, Phú Cường, Kim Anh, Hà Nội, Việt Nam",0.022222222222222223,0.0,0.0,0.1,0.0
"Ốc Hằng Mập - Ốc Ngon, Hải Sản Tươi, Bún & Lẩu Thái Hải Sản, Lẩu Ốc",ChIJa8RmJwmrNTERuzIIN1YJYtk,21.0336942,105.7723742,4.9,Nhà hàng,"82 P. Dương Khuê, Từ Liêm, Hà Nội, Việt Nam",0.022222222222222223,1.0,1.0,0.0,0.17647058823529413
Nhà hàng vườn xưa,ChIJqTXpInf9NDEREw9TjXjyqfg,21.2776519,105.7629816,3.9,Nhà hàng,"7QG7+X7J, Kênh, Kim Anh, Hà Nội, Việt Nam",0.08888888888888889,0.041666666666666664,0.0945945945945946,0.0,0.11764705882352941
Vịt cỏ chuyen cuc minh trí,ChIJmdJj9oL9NDERyanuv5Wv4Vw,21.2640876,105.7507793,3.0,Nhà hàng,"7Q72+J8J, Thắng Trí, Kim Anh, Hà Nội, Việt Nam",0.0,0.0,0.0,0.0,0.0
Miến Lươn Hà Chính,ChIJ-RmjZwCrNTERZVttVXiCqM8,21.0550464,105.86655,4.3,Nhà hàng,"7 Nguyễn Thế Rục, Bồ Đề, Hà Nội, Việt Nam",0.022222222222222223,0.08333333333333333,0.0945945945945946,0.25,0.11764705882352941
"Vịt quay, ba chỉ giòn bì",ChIJqwZu8SEdNTERtEMTZ23J2Dc,21.2951519,105.8115987,5.0,Quán súp,"ĐT35, Thanh Hà, Trung Giã, Hà Nội, Việt Nam",0.0,0.0,0.0,0.05,0.0
MIẾN LƯƠN HOÀNG,ChIJY4YDgImrNTEROFzcDFFZOPk,21.0342035,105.8751897,4.9,Quán ăn nhỏ,"259 Đ. Lâm Du, Lâm Du, Bồ Đề, Hà Nội 000084, Việt Nam",0.022222222222222223,0.08333333333333333,0.13513513513513514,0.35,0.17647058823529413
PHỐ NHẬU,ChIJ5fVF2YAdNTERnWptXR5Y1AA,21.3225783,105.8714353,4.4,Nhà hàng,"8VFC+2HM, QL3, Trung Giã, Hà Nội, Việt Nam",0.0,0.0,0.0,0.05,0.0
Bánh mì mai trang,ChIJv7f6UQAdNTERp4jla6gMTy8,21.2964549,105.8692909,0.0,Điểm phát chẩn đồ ăn,"7VW9+HPM, Xuân Sơn, Trung Giã, Hà Nội, Việt Nam",0.0,0.0,0.0,0.0,0.0
Nhà hàng Vịt Cỏ Quang Nhiệm,ChIJYTBYahQDNTERCCgzRMJzIzs,21.2627073,105.8509764,4.2,Nhà hàng,"QL3, Sóc Sơn, Hà Nội, Việt Nam",0.13333333333333333,0.041666666666666664,0.12162162162162163,0.3,0.4117647058823529
Bánh Tráng Trộn Chill Chill,ChIJ8zxSegCrNTERH4pCJgRtEMI,21.0429108,105.8426043,5.0,Quán cà phê,"72 Cửa Bắc, Ba Đình, Hà Nội, Việt Nam",0.28888888888888886,0.041666666666666664,0.02702702702702703,0.05,0.0
Bỗng - Ốc Ngon Hà Nội,ChIJ9f3enTarNTER6ciHg8t1GJ4,21.0185601,105.8529345,4.6,Nhà hàng Việt Nam,"6 Ngô Thì Nhậm, Cửa Nam, Hà Nội 11018, Việt Nam",0.5777777777777777,0.4166666666666667,0.12162162162162163,0.35,0.23529411764705882
BÂN XIỂN QUÁN - Thiên đường Buffet,ChIJmZCRPN6tNTERMOgot27cDn4,21.0017237,105.8446001,4.0,Nhà hàng ăn nhanh,"71 P. Lê Thanh Nghị, Bạch Mai, Hà Nội, Việt Nam",0.022222222222222223,0.08333333333333333,0.05405405405405406,0.25,0.4117647058823529
Nhà Hàng Thứ Cò,ChIJYYZytvv9NDERki3mm0igg_Q,21.2889612,105.7677651,3.7,Nhà hàng,"Thôn Phú Ninh, Kim Anh, Hà Nội 100000, Việt Nam",0.13333333333333333,0.14583333333333334,0.12162162162162163,0.3,0.11764705882352941
Quán Lươn Nghệ An Bà Liêm,ChIJtZUtYw2rNTERWoZifjMppBk,21.0356978,105.817867,4.0,Quán ăn nhỏ,"319 Đội Cấn, Ngọc Hà, Hà Nội, Việt Nam",0.08888888888888889,0.3333333333333333,0.16216216216216217,0.5,0.47058823529411764
Nhà Hàng Khôi Vẩu,ChIJ3azyY5wDNTERPO2jjbE0kHE,21.2637714,105.8528261,3.9,Nhà hàng châu Á,"9, đường Thân Nhân Trung kéo dài, khu đô thị Mã Đình, Sóc Sơn, Hà Nội, Việt Nam",0.022222222222222223,0.0625,0.0,0.25,0.0
Miến Lươn Chân Cầm,ChIJuWcoiZWrNTERmU9hnfJZUe0,21.0304395,105.8486898,4.0,Quán mì,"1 P. Chân Cầm, Hoàn Kiếm, Hà Nội 100000, Việt Nam",0.13333333333333333,0.2708333333333333,0.02702702702702703,0.05,0.058823529411764705
Quán Miến Lươn Đồng,ChIJW5eRvn2rNTEREjXM6vt0Fdg,21.0105489,105.8226727,4.0,Nhà hàng chuyên phục vụ bữa nửa buổi,"42 P. Thái Hà, Đống Đa, Hà Nội, Việt Nam",0.13333333333333333,0.2708333333333333,0.12162162162162163,0.55,0.4117647058823529
Ngọc Diện Quán Gà Vịt Cỏ,ChIJJSQ6C58DNTERYkoi7JBfDts,21.2385244,105.8159053,4.5,Quán ăn nhỏ,"Landmark km 5+250 - Provincial road 131, ĐT131, Sóc Sơn, Hà Nội, Việt Nam",0.0,0.020833333333333332,0.0,0.15,0.0
Bánh Tráng Bé My,ChIJC2Cwgv6rNTERppSNC0oeBvA,21.0212638,105.8485126,4.4,Nhà hàng,"33 P. Quang Trung, Cửa Nam, Hà Nội, Việt Nam",0.0,0.3958333333333333,0.17567567567567569,0.6,0.5294117647058824
Ốc Ngố,ChIJG5llHQBfNDERAAtsO9VM-TI,21.1040344,105.4155385,4.6,Nhà hàng hải sản,"4C38+J66, Vườn Quốc Gia, Suối Hai, Hà Nội, Việt Nam",0.044444444444444446,0.0,0.06756756756756757,0.15,0.11764705882352941
Quỳnh Anh Vịt Cỏ Vân Đình,ChIJ1RJ6okwcNTERAdQnD12NbH4,21.3508148,105.8304689,4.0,Nhà hàng,"Trung Giã, Hà Nội, Việt Nam",0.0,0.0,0.0,0.0,0.0
Gà rán - Bánh mì gà FIVE STAR,ChIJmUSPCwADNTERJ3DpXJXEanM,21.2580389,105.8518241,2.3,Quán gà rán mang đi,"7V52+6H8, P. Thân Nhân Trung, Phố Giữa, Sóc Sơn, Hà Nội, Việt Nam",0.0,0.020833333333333332,0.0,0.1,0.11764705882352941
Sữa chua Trân châu Hạ Long,ChIJXwsvGFX9NDERwUndIQONT80,21.2254098,105.7620828,4.0,Nhà hàng,"99 Kim Anh, Bến Cốc, Nội Bài, Hà Nội, Việt Nam",0.0,0.0,0.0,0.05,0.0
Quán xiên bẩn Xóm Chùa,ChIJAxhnHABTNDER8KBfSdxPyN0,20.989182,105.7076922,5.0,Nhà hàng ăn nhanh,"XPQ5+J3M, An Hạ, An Khánh, Hà Nội, Việt Nam",0.08888888888888889,0.0,0.0,0.3,0.35294117647058826
Phở gà Bình Dung,ChIJH7D3KQD9NDERRkod5jqsUws,21.2481437,105.7711641,0.0,Nhà hàng,"47 ĐT35, Kim Anh, Hà Nội, Việt Nam",0.0,0.0,0.0,0.0,0.0
Quán Cafe Mộc ( Bếp Thảo Linh),ChIJnTN32acdNTEReNHrLTA86rk,21.292649,105.810264,5.0,Quán cà phê,"19 Đường 35. Xóm 1, Thanh Hà, Trung Giã, Hà Nội, Việt Nam",0.26666666666666666,0.0,0.0,0.05,0.0
Viên Sủi ZEXTOR | Hỗ Trợ Điều Trị Yếu Sinh Lý | Xuất Tinh Sớm,ChIJv7YJiTf9NDERoIZehITRtTE,21.2057121,105.7496066,3.7,Phòng khám sức khỏe sinh sản,"Tổ 1, Quang Minh, Hà Nội 142221, Việt Nam",0.022222222222222223,0.25,0.02702702702702703,0.15,0.11764705882352941
Hà Thịnh Bún Mọc -Bún Cua - Bún Ốc,ChIJ-dcDefL9NDERM_i5N6RjJ8E,21.220272,105.7705699,5.0,Nhà hàng,"Thạch Lỗi, Nội Bài, Hà Nội, Việt Nam",0.0,0.020833333333333332,0.0,0.05,0.11764705882352941
"Quán Thu Còi ,phở bò , bún bò Huế",ChIJgacBUdEdNTER0OLrNX-ZtEA,21.3619873,105.8173976,5.0,Nhà hàng gia đình,"9R68+QXR, Trung Giã, Hà Nội, Việt Nam",0.044444444444444446,0.041666666666666664,0.0,0.05,0.0
Hồng Hạnh Chiken,ChIJQ_klawADNTEROp_59GqU0cM,21.2573757,105.8447462,5.0,Nhà hàng thịt gà,"42 Đ. Đa Phúc, Phố Giữa, Sóc Sơn, Hà Nội, Việt Nam",0.0,0.0,0.0,0.05,0.0
quán bia vinh lan,ChIJ01AOycirNTERcCdcn7tDGuA,21.3142103,105.8463738,4.7,Quán bia,"Phú lộc, Trung Giã, Hà Nội, Việt Nam",0.0,0.0,0.013513513513513514,0.1,0.0
HOA QUẢ DẦM 36 LÊ THANH NGHỊ,ChIJhcXioHGtNTERe3YMTOXyJ2U,21.0037464,105.8499296,4.7,Quán ăn nhẹ,"2R3X+FXV, Ngh. 36/10 Lê Thanh Nghị, Bạch Mai, Hà Nội, Việt Nam",0.022222222222222223,0.020833333333333332,0.13513513513513514,1.0,0.11764705882352941
Hẻm bánh tráng,ChIJ0bqPTnOrNTERfRd9YQR6Nxo,21.0176857,105.8485845,4.8,Nhà hàng,"7 P. Nguyễn Bỉnh Khiêm, Hai Bà Trưng, Hà Nội, Việt Nam",0.5111111111111111,0.20833333333333334,0.05405405405405406,0.5,0.7058823529411765
Buffet xiên que,ChIJ19NhTgD_NDERYwIANQJZh9E,21.2022859,105.7012206,3.3,Quán ăn nhẹ,"6P22+WF9, Văn Lôi, Tiến Thắng, Hà Nội, Việt Nam",0.0,0.020833333333333332,0.0,0.05,0.0
Quán Lươn Đồng Xứ Nghệ,ChIJwRMIS7cDNTER1PaEGD5Ud94,21.1987271,105.8361151,4.2,Nhà hàng,"5RXP+FCX, Phủ Lỗ, Sóc Sơn, Hà Nội, Việt Nam",0.022222222222222223,0.0625,0.0,0.15,0.058823529411764705
Thuỷ Còi - Quán - Cơm mì lẩu,ChIJy1ivAgD9NDERupkP1fcC0GU,21.2819993,105.7709223,3.0,Nhà hàng,"30 đường 14, Đá Bạc, Kim Anh, Hà Nội, Việt Nam",0.0,0.020833333333333332,0.0,0.0,0.0
PHỞ BÒ NAM ĐỊNH DUẨN THẮM,ChIJq8ON8PwDNTER7MbP9uDa_C8,21.2380768,105.8089446,4.4,Nhà hàng,"6RQ5+6G8, Xuân Bách, Nội Bài, Hà Nội, Việt Nam",0.022222222222222223,0.0,0.013513513513513514,0.1,0.0
Trà Chanh Cu Thóc,ChIJ5ctN7Sz9NDERSdWnssGWJSY,21.2694841,105.763443,4.3,Quán cà phê,"7Q97+Q9W, Thanh Trí, Kim Anh, Hà Nội, Việt Nam",0.2,0.0,0.0,0.0,0.0
Bún Hải Đăng,ChIJ_1hOCgBFNDERR3oMs9kKDiA,20.9081119,105.5781382,2.3,Quán mì,"WH5H+67R, Xuân Mai, Hà Nội, Việt Nam",0.022222222222222223,0.0,0.02702702702702703,0.15,0.0
Phở Mặn Cơ sở 2,ChIJSxQ1cABbNDERofusdheEgvc,20.9483541,105.5426864,3.7,Nhà hàng phở,"Xóm 1 Hòa Phú, Phú Cát, Hà Nội, Việt Nam",0.0,0.0,0.0,0.0,0.0
Phở Lý Quốc Sư,ChIJMaum33FFNDERotsYwskDVps,20.9053722,105.5783763,1.0,Nhà hàng,"Xuân Mai, Hà Nội, Việt Nam",0.022222222222222223,0.020833333333333332,0.0,0.0,0.0
Bún Phở Thiện Kiên,ChIJj4rnRwBdNDERLBctEDOMYG4,20.9682315,105.4914906,0.0,Quán mì,"XF9R+7JR, Đường tỉnh 446, Yên Xuân, Hà Nội, Việt Nam",0.0,0.0,0.0,0.0,0.0
Bún Ốc Nguội,ChIJ5RMrLgCrNTER40HLN1S8zss,21.0185154,105.8114863,4.2,Quán ăn nhỏ,"14 Huỳnh Thúc Kháng, Giảng Võ, Hà Nội, Việt Nam",0.0,0.0625,0.04054054054054054,0.25,0.11764705882352941
Tùng Tuyết Phở Bò Gia Truyền,ChIJBTjD62JFNDERWuRANAdyXBc,20.9058722,105.5925553,0.0,Nhà hàng,"Xuân Mai, Hà Nội, Việt Nam",0.0,0.0,0.0,0.0,0.0
Hoàng Dũng Lẩu Trâu Gà Cá,ChIJ0w4Ys4MDNTERgYJapWDTEc4,21.2656628,105.7901903,4.2,Nhà hàng,"7Q8R+738, Kim Anh, Hà Nội, Việt Nam",0.022222222222222223,0.0625,0.10810810810810811,0.2,0.0
Bánh Đa Cá Rô Đồng - Quỳnh Trâm,ChIJlTAacgBbNDERz9wUAqth0Ug,20.994493,105.5233338,5.0,Nhà hàng gia đình,"130 cụm 1, thôn 2, Hòa Lạc, Hà Nội, Việt Nam",0.044444444444444446,0.0,0.0,0.05,0.0
Mi Tra trà sữa mì cay,ChIJZ_JzFwAdNTER5PkkchT0ly4,21.3030354,105.8657473,0.0,Quán cà phê,"8V38+679, Xuân Sơn, Trung Giã, Hà Nội, Việt Nam",0.13333333333333333,0.041666666666666664,0.0,0.0,0.0
Cháo dinh dưỡng Quỳnh Hoa,ChIJwSIzNQADNTERUs9l5PIQjcg,21.2579003,105.8502457,5.0,Quán ăn dành cho trẻ em,"Ngõ 3, Phố Giữa, Sóc Sơn, Hà Nội, Việt Nam",0.022222222222222223,0.0,0.0,0.15,0.0
Bún Đậu Gia Thành,ChIJKbfeVgADNTERAxHuHmcDCVQ,21.261716,105.8526573,5.0,Nhà hàng châu Á,"7V63+M2X, Sóc Sơn, Hà Nội, Việt Nam",0.0,0.0,0.013513513513513514,0.1,0.11764705882352941
Nhà Hàng Hoàng Phát,ChIJa_oUkbVFNDEREXBzrPR5iuo,20.933295,105.527675,4.9,Nhà hàng,"WGMH+55H, Đồng Vỡ, Tran Voi, Phú Cát, Hà Nội, Việt Nam",0.022222222222222223,0.041666666666666664,0.02702702702702703,0.0,0.0
Bún Phở Mạnh Hùng,ChIJx1-QbwBbNDERYWgrJXkW5-0,20.9441871,105.5522099,0.0,Quán mì,"Xóm 1 Thôn Long Phú, Phú Cát, Hà Nội 100000, Việt Nam",0.0,0.0,0.0,0.0,0.0
Phùng Luân Bánh Cuốn Phở Chua Cao Bằng,ChIJ18qUbwBFNDERqq_o8CB4w14,20.9041746,105.5790102,0.0,Điểm phát chẩn đồ ăn,"WH3H+PJ7, Xuân Mai, Hà Nội, Việt Nam",0.0,0.0,0.0,0.0,0.0
Chè lam bà quế,ChIJRSH96vZZNDERqEtv1pHq4VE,21.0943743,105.5652335,4.6,Nhà hàng,"Thôn minh nghĩa xã, Minh Nghĩa, Thạch Thất, Hà Nội, Việt Nam",0.0,0.0,0.013513513513513514,0.1,0.0
Bánh Tráng Mập,ChIJY7U8JFmtNTER0PonbagJyLQ,21.0034495,105.8494282,4.8,Nhà hàng ăn nhanh,"Tập Thể ĐH 40, P. Lê Thanh Nghị, Bạch Mai, Hà Nội, Việt Nam",0.1111111111111111,0.16666666666666666,0.02702702702702703,0.5,0.5882352941176471
Xuân Đông Phở Bò,ChIJy-ledlFPNDERdUNRbnODatM,20.8519851,105.6029661,4.0,Nhà hàng,"Xuân Mai, Hà Nội, Việt Nam",0.0,0.0,0.0,0.0,0.0
Bánh tráng trộn Cô Hằng,ChIJhyzwW4WrNTERGFrl4OUNja0,21.0189671,105.8403423,3.9,Nhà hàng,"2E P. Khâm Thiên, Văn Miếu - Quốc Tử Giám, Hà Nội 000084, Việt Nam",0.044444444444444446,0.08333333333333333,0.0,0.45,0.35294117647058826
Phở Chang,ChIJ4UhtIgBFNDERmInB4HHLTz8,20.900151,105.5765859,3.0,Nhà hàng phở,"Số 10 Tổ 3 Tân Bình, Xuân Mai, Hà Nội, Việt Nam",0.0,0.0,0.0,0.0,0.0
Quán phở gà - bún thang,ChIJ-8TXVABFNDERI3BrltXu1iM,20.8835787,105.5784282,0.0,Nhà hàng gia đình,"Xuân Trung, Xuân Mai, Hà Nội, Việt Nam",0.044444444444444446,0.0,0.0,0.05,0.0
Phở bò Nam Định,ChIJsYJQiwQDNTERWoMM_lI3LIY,21.2665056,105.8523549,0.0,Quán ăn nhỏ,"15 QL3, Sóc Sơn, Hà Nội, Việt Nam",0.0,0.0,0.0,0.1,0.0
Ther - Đậm Trà Nguyên Vị - Sóc Sơn,ChIJu-H8CQADNTERpuho3JeoQsQ,21.2635625,105.8519375,4.6,Quán cà phê,"7V72+CQP cạnh dãy Ly Nướng, gần Phở gà đô thị, Sóc Sơn, Hà Nội 10000, Việt Nam",0.4888888888888889,0.041666666666666664,0.02702702702702703,0.1,0.0
Trứng chén nướng,ChIJ7QIGsbGtNTERJFaZgghzkSU,20.9807765,105.8495564,0.0,Nhà hàng,"27 218 Phố Tân Mai, Hoàng Mai, Hà Nội, Việt Nam",0.0,0.08333333333333333,0.0,0.0,0.0
Bún Phở Tấn Tài 39,ChIJbytF91ZFNDERcugmNtEfCCI,20.9019877,105.5793926,3.0,Nhà hàng,"WH2H+QQR, Xuân Mai, Hà Nội, Việt Nam",0.0,0.0,0.0,0.05,0.0
Tiệm Trà Chanh An,ChIJN9DEYUCrNTERwDApu7Fz118,21.2539822,105.8480719,0.0,Quán cà phê,"Số 10 Lưu Nhân Chú, Tổ 3, Sóc Sơn, Hà Nội 10000, Việt Nam",0.5111111111111111,0.0,0.0,0.05,0.0
Phở bò phong quý,ChIJeyZoMQBFNDERsXiR9Ho30zA,20.856497,105.587753,0.0,Nhà hàng,"172 Hồ Chí Minh, Xuân Mai, Hà Nội, Việt Nam",0.0,0.0,0.0,0.0,0.0
Nhà hàng Tám Thảo,ChIJHXapAQBPNDER8sPUIV5DIPs,20.9014065,105.6023116,5.0,Nhà hàng gia đình,"WJ22+HW7 Nhà số10, xóm chùa, Xuân Mai, Hà Nội, Việt Nam",0.044444444444444446,0.0,0.0,0.0,0.0
Hoa Quả Dầm 39 Hàng Mành,ChIJpT8LX5yrNTERxJOzgi9EtEQ,21.0314249,105.8485552,4.9,Nhà hàng tráng miệng,"39 P. Hàng Mành, Phố cổ Hà Nội, Hoàn Kiếm, Hà Nội 100000, Việt Nam",0.2,0.10416666666666667,0.16216216216216217,0.35,0.058823529411764705
Nhà Hàng Linh Hương,ChIJTR5NyZ1bNDERGEXE7Aov7mE,20.9559086,105.5724838,3.4,Nhà hàng,"XH4C+9X9, Gò Xum, Phú Cát, Hà Nội, Việt Nam",0.0,0.0,0.0,0.0,0.0
Tiệm Trà 1994 Trà Chanh,ChIJb-MEvSbzNDERxOyoN-H-Kq0,21.2747596,105.4230658,0.0,Quán cà phê,"Cổ Đô, Hà Nội, Việt Nam",0.17777777777777778,0.0,0.0,0.0,0.0
Nhà Hàng Dê Linh Đan Cs7,ChIJR400cwBFNDERGoReDpz1tsM,20.8839866,105.5593612,5.0,Nhà hàng châu Á,"VHM5+HPX, Xuân Mai, Hà Nội, Việt Nam",0.0,0.0,0.0,0.0,0.0
Phở Tùng Cơm Rang,ChIJlWTmAnFFNDERYsGB1aDC7M4,20.9018632,105.5795337,4.5,Nhà hàng,"Xuân Mai, Hà Nội, Việt Nam",0.0,0.0,0.0,0.05,0.0
Phở Cồ Chuyển,ChIJHypUoCRbNDERMTa7ot1uRJU,20.961216,105.5368351,3.9,Nhà hàng phở,"XG6P+FPP, Phú Cát, Hà Nội, Việt Nam",0.0,0.0,0.02702702702702703,0.2,0.11764705882352941
Quán bún mẹt,ChIJmV1_jv8DNTERMMJhQpF3YCs,21.2563329,105.851349,4.0,Quán ăn nhỏ,"28 Ng. 44 Đ. Núi Đôi, Phố Giữa, Sóc Sơn, Hà Nội, Việt Nam",0.022222222222222223,0.041666666666666664,0.02702702702702703,0.25,0.23529411764705882
Bún Đậu Bà Yến,ChIJRcDfFAAdNTERBxNk97AQkDk,21.3027799,105.8653237,0.0,Nhà hàng,"8V38+45J, QL3, Xuân Sơn, Trung Giã, Hà Nội, Việt Nam",0.0,0.0,0.0,0.0,0.0
"Bún lòng, phở gà",ChIJP_HFawADNTERnLWSkK1JA1Q,21.2595021,105.8107913,0.0,Nhà hàng gia đình,"7R56+R83, Đông Sơn, Nội Bài, Hà Nội, Việt Nam",0.044444444444444446,0.0,0.0,0.0,0.0
Phở Tùng,ChIJe8UnQQBbNDERKpVUFOdJV88,20.9610573,105.536924,0.0,Nhà hàng phở,"XG6P+CPP, Phú Cát, Hà Nội, Việt Nam",0.0,0.0,0.0,0.05,0.0
Cơm niêu lẩu nướng Thiên Thanh,ChIJJ9Lkayj9NDERcHhBbpb75_k,21.2223811,105.768082,3.9,Nhà hàng,"91 QL2A, Thạch Lỗi, Nội Bài, Hà Nội, Việt Nam",0.022222222222222223,0.041666666666666664,0.013513513513513514,0.2,0.0
2 LIKE - Bún đậu - trà chanh - Milk tea,ChIJ97TEJrIdNTER6xWAxjO4Moc,21.3140318,105.8679548,0.0,Quán ăn nhẹ,"phố Nỉ, Trung Giã, Hà Nội 14000, Việt Nam",0.08888888888888889,0.0,0.013513513513513514,0.1,0.11764705882352941
xôi xéo bà hồng,ChIJUaSm0ZUDNTERVfO-OtVGL3A,21.2002022,105.8478632,0.0,Nhà hàng phục vụ phần ăn nhỏ,"35 phố chợ, Sóc Sơn, Hà Nội 100000, Việt Nam",0.0,0.0,0.0,0.0,0.0
Ngọc Huy Phở Bún,ChIJiXRLP9VaNDERsixYPUhT284,20.9440869,105.5489871,5.0,Nhà hàng,"Phú Cát, Hà Nội, Việt Nam",0.0,0.0,0.0,0.0,0.0
Xôi xéo ngon nhất Hà Nội,ChIJf1_cUnCrNTERV7quEXK1rjY,21.0091107,105.8369666,4.7,Nhà hàng,"116 P. Hoàng Tích Trí, Khu tập thể Kim Liên, Kim Liên, Hà Nội, Việt Nam",0.0,0.0,0.0,0.15,0.23529411764705882
Xôi xéo Phú Thượng 105 - Xuân La,ChIJzQ0OegCrNTER9BjjtRttNSk,21.0674102,105.8015323,4.5,Quán ăn nhỏ,"87 Ngh. 105/2 Đ. Xuân La, Xuân Đỉnh, Hà Nội, Việt Nam",0.0,0.0,0.0,0.15,0.0
Cơm phở Hoàng Anh,ChIJo4UQcYRFNDEREglskI99pO8,20.8836699,105.5787499,5.0,Nhà hàng,"VHMH+FF9, Xuân Trung, Xuân Mai, Hà Nội, Việt Nam",0.0,0.0,0.0,0.0,0.0
Nhà Hàng Bia Tươi Thanh Hòa,ChIJ75qxRZpFNDERmJWOMB4Apwc,20.8842748,105.5787098,4.9,Nhà hàng,"VHMH+PF4, Hồ Chí Minh, Xuân Mai, Hà Nội, Việt Nam",0.0,0.0,0.04054054054054054,0.05,0.0
Trà Chanh Thạch Cá,ChIJkbwzavIdNTERvoOzia4lUo0,21.3153395,105.8730678,5.0,Quán cà phê,"Phong Mỹ, Trung Giã, Hà Nội, Việt Nam",0.35555555555555557,0.0,0.0,0.05,0.0
Trứng chén nướng Cô Ty,ChIJ5xY5OgCrNTERwMjbCJAeNq8,21.028002,105.844748,4.5,Nhà hàng châu Á,"32 Ng. Hội Vũ, Hoàn Kiếm, Hà Nội, Việt Nam",0.022222222222222223,0.625,0.08108108108108109,0.15,0.29411764705882354
Chè 68 - Trà Sữa - Trà Chanh,ChIJi08BuK39NDERYD4JiusO838,21.2403956,105.7395088,5.0,Quán cà phê,"Điền Thanh, Kim Anh, Hà Nội, Việt Nam",0.3111111111111111,0.0,0.0,0.1,0.0
Vịt quay Bắc kinh Chung Dũng,ChIJP3pcJQADNTER2AniWKgTG84,21.2753187,105.8491124,0.0,Nhà hàng,"Đội 3, Vệ Linh, Sóc Sơn, Hà Nội, Việt Nam",0.0,0.020833333333333332,0.0,0.0,0.0
Phở Vinh Bò - Gà Đặc Biệt,ChIJCXe-1ZZFNDERrTAxw4Q3V-A,20.8794393,105.5764907,5.0,Nhà hàng,"Xuân Trung, Xuân Mai, Hà Nội, Việt Nam",0.0,0.0,0.0,0.0,0.0
NHÀ HÀNG HIỆN ĐAN,ChIJF7P7vy1PNDER6Dt7p5H2o_8,20.8520164,105.5982971,4.6,Nhà hàng món nướng,"VH2X+R83, QL21A, Xuân Mai, Hà Nội, Việt Nam",0.022222222222222223,0.08333333333333333,0.0,0.0,0.0
Phở Hà Nội,ChIJly9gVHlFNDERexrYSnuPhvk,20.8721609,105.5766784,5.0,Nhà hàng phở,"Số 8 tổ 3, Xuân Sen, Xuân Mai, Hà Nội, Việt Nam",0.0,0.0,0.0,0.0,0.0
Trứng chén nướng Hai chú cún,ChIJCdS9dQCrNTERdV5eUXRPjms,21.031961,105.8459452,5.0,Nhà hàng ăn nhanh,"23 P. Nguyễn Quang Bích, Phố cổ Hà Nội, Hoàn Kiếm, Hà Nội, Việt Nam",0.3333333333333333,0.6666666666666666,0.05405405405405406,0.55,0.5294117647058824
phở vịt quay chanh tây( thất khê-lạng sơn),ChIJ0R9L_RarNTERUyEQU2vKjCE,20.895769,105.5792716,5.0,Nhà hàng ăn nhanh,"xuân mai chương mỹ, tổ 5, Xuân Mai, Hà Nội, Việt Nam",0.0,0.0,0.013513513513513514,0.2,0.35294117647058826
Bánh mì,ChIJCQfyWgBFNDERniReOAf8704,20.8833861,105.5548498,0.0,Quầy bánh mì kẹp xúc xích,"VHM3+8WX, Xuân Mai, Hà Nội, Việt Nam",0.0,0.020833333333333332,0.0,0.05,0.11764705882352941
Chè Ngọc Thạch Phú Nhi,ChIJA_SrqIj_NDERuqK_nSam6QE,21.1978375,105.7363064,3.3,Nhà hàng ăn nhanh,"ĐT35, Thon Lâm Hộ, Quang Minh, Hà Nội 100000, Việt Nam",0.0,0.0,0.0,0.25,0.35294117647058826
Nhà Hàng Dê Sơn Dương Xuân Mai,ChIJ9SGasidFNDERNjChnNykgKY,20.8944179,105.5810255,4.3,Nhà hàng,"Đầu cầu sắt, Ngã Tư Tổ 5, Khu Đồng Vai, Xuân Mai, Hà Nội, Việt Nam",0.08888888888888889,0.08333333333333333,0.08108108108108109,0.25,0.058823529411764705
Phở Hùng Xuân Mai,ChIJt5m8molFNDERnAWzEYHytvM,20.9018466,105.5798433,4.7,Nhà hàng,"55-38, QL21, Xuân Mai, Hà Nội, Việt Nam",0.0,0.020833333333333332,0.013513513513513514,0.0,0.058823529411764705
Nhà Hàng 9999,ChIJA9zftfdPNDERUTUUK4QSduE,20.9245187,105.5959024,0.0,Nhà hàng,"WHFW+R92, TL 412B, Phú Cát, Hà Nội, Việt Nam",0.0,0.0,0.0,0.0,0.0
Quán xôi bà Minh,ChIJ6StFfgD9NDER1h7NnijjrIA,21.2260525,105.7617258,5.0,Nhà hàng ăn nhanh,"ngõ 04 Kim Anh, Bến Cốc, Nội Bài, Hà Nội, Việt Nam",0.0,0.0,0.0,0.2,0.35294117647058826
Phở Bò Vân Béo,ChIJJ91BOQBRNDERwZnym2bPoWk,20.9522427,105.6150832,5.0,Điểm phát chẩn đồ ăn,"Chợ Chiều Cấn Thượng, Cấn Xá Thượng, Kiều Phú, Hà Nội, Việt Nam",0.0,0.0,0.0,0.0,0.0
Nhà Hàng Sông Thao,ChIJ_eNx8bMDNTERZH3oA8FbEAI,21.2586771,105.7821075,4.7,Nhà hàng,"7Q5J+FRH, ĐT35, Bốt Tép, Nội Bài, Hà Nội, Việt Nam",0.022222222222222223,0.020833333333333332,0.02702702702702703,0.15,0.11764705882352941
NHÀ HÀNG QUÂN THU,ChIJzaFTfwBFNDERiNoIyRAWsdY,20.8809957,105.5779649,5.0,Nhà hàng,"VHJH+95W, Xuân Trung, Xuân Mai, Hà Nội, Việt Nam",0.0,0.0,0.013513513513513514,0.2,0.11764705882352941
Nhà Hàng Độ Ngần XM,ChIJXaGqDwBFNDERSWvt9bMJYN0,20.9089978,105.5781845,4.8,Nhà hàng,"Tổ 2 Tân Xuân, Xuân Mai, Hà Nội, Việt Nam",0.022222222222222223,0.0,0.013513513513513514,0.05,0.0
Bún Bò Huế O Hà,ChIJrdXlGAADNTERwxOt9XVw8FM,21.261712,105.8504707,5.0,Điểm phát chẩn đồ ăn,"7V62+M6R, QL3, Sóc Sơn, Hà Nội, Việt Nam",0.0,0.0,0.04054054054054054,0.0,0.0
NHÀ HÀNG TIỆC CƯỚI HẢI NAM,ChIJWXHJAABJNDERkubX9IjJgf4,20.8418925,105.5972832,5.0,Nhà hàng gia đình,"RHRW+PVX, Miễu, Tiên Phương, Xuân Mai, Hà Nội, Việt Nam",0.06666666666666667,0.0,0.013513513513513514,0.0,0.0
Cơm bình dân Đức Phúc,ChIJAWeRLQADNTER29DZKx2A7yA,21.2756011,105.7955336,5.0,Nhà hàng gia đình,"7QGW+66V, Kim Anh, Hà Nội, Việt Nam",0.044444444444444446,0.0,0.013513513513513514,0.1,0.0
CÀ PHÊ LÚA - TRÀ CHANH ỐC CAY CẦU MÁNG,ChIJDXW9NwADNTER3s75HO-eUdU,21.2628625,105.7905069,5.0,Quán cà phê,"7Q7R+96, Kim Anh, Hà Nội, Việt Nam",0.2,0.041666666666666664,0.0,0.0,0.0
Xì Xèo Quán,ChIJnybJKhEDNTERq68_3hfsjE4,21.2027356,105.8323892,5.0,Nhà hàng,"10 Đ. Võ Nguyên Giáp, Thái Phù, Sóc Sơn, Hà Nội, Việt Nam",0.26666666666666666,0.5625,0.22972972972972974,0.45,0.35294117647058826
Quán Phở Hương gà bò ngon,ChIJU261QgAdNTERqthH2f0v1oE,21.3213442,105.8407722,0.0,Nhà hàng chuyên phục vụ bữa sáng,"91 thôn Tiên Chu, Trung Giã, Hà Nội, Việt Nam",0.0,0.0,0.0,0.05,0.0
Phở Bún Gà Bò,ChIJbW4jp5kcNTERBDjtRgA7b0E,21.3111519,105.8669959,5.0,Nhà hàng,"8V68+FQ9, QL3, phố Nỉ, Trung Giã, Hà Nội, Việt Nam",0.0,0.0,0.0,0.0,0.0
Nhà Hàng Chín Dinh Trâu Ngọc Được 3,ChIJZzSOzKdbNDERCx4n-9Av5Kk,20.9630479,105.5073735,4.7,Nhà hàng,"Hồ Cửa Khâu, Yên Xuân, Hà Nội 100000, Việt Nam",0.06666666666666667,0.041666666666666664,0.05405405405405406,0.2,0.058823529411764705
Bún Bình Ngọc,ChIJTbtiO7RFNDERvwRpWBivaNU,20.9340817,105.5649072,4.4,Quán mì,"Trước Đội Cơ Giới Máy Thi Công, Xóm 5 Thôn Long Phú, Phú Cát, Hà Nội, Việt Nam",0.022222222222222223,0.0,0.02702702702702703,0.0,0.0
Phở Bò Nam Định,ChIJe6wzt20DNTERL7kj8UahAWs,21.2383567,105.8144399,5.0,Nhà hàng,"6RQ7+8QW, ĐT131, Sóc Sơn, Hà Nội, Việt Nam",0.0,0.0,0.0,0.0,0.0
Nhà Hàng Hải Hói Vua Gà Tươi,ChIJ9QS8YAAdNTERKuXk5dTVbnk,21.2763984,105.8474103,5.0,Nhà hàng thịt gà,"7RGW+HX3, Vệ Linh, Sóc Sơn, Hà Nội, Việt Nam",0.0,0.0,0.04054054054054054,0.0,0.0
Nhà Hàng 68,ChIJkTn0-MpPNDER7ThSBrRYMZk,20.8520699,105.6020719,4.0,Nhà hàng,"VJ22+RRG, Nay là, Thôn Đông Tiến, Xuân Mai, Hà Nội, Việt Nam",0.022222222222222223,0.0,0.013513513513513514,0.0,0.0
Quẩy nóng Cầu Gỗ (Hàng Đậu),ChIJWRSUeAurNTERe0VIhR4PBC8,21.0404814,105.8497528,4.8,Nhà hàng,"1 Hàng Đậu, Phố cổ Hà Nội, Hoàn Kiếm, Hà Nội, Việt Nam",0.0,0.1875,0.05405405405405406,0.05,0.11764705882352941
Bánh canh cua Bình Định - 193 Hà Trì,ChIJ7UjhwuOtNTERtMFOM0nZ_ug,20.9639087,105.7838339,4.4,Nhà hàng,"193 Đa Sỹ, Hà Trì, Hà Đông, Hà Nội, Việt Nam",0.022222222222222223,0.0625,0.0945945945945946,0.3,0.11764705882352941
Bánh Canh Cua Bình Định - A42-05 Tây Mỗ,ChIJSxPdg-tTNDERVnzdRROMTp4,21.006232,105.7325763,4.9,Nhà hàng,"A42-05 Khu đô thị, Geleximco A, Tây Mỗ, Hà Nội 100000, Việt Nam",0.0,0.0625,0.0945945945945946,0.1,0.0
Trang Anh Thượng Đỉnh Gà Ngon,ChIJTb1NnXIDNTERoSBMCg2CGQg,21.2626239,105.8523387,3.6,Nhà hàng,"P. Thân Nhân Trung, Sóc Sơn, Hà Nội, Việt Nam",0.044444444444444446,0.125,0.013513513513513514,0.15,0.058823529411764705
Xôi Yến,ChIJr1GXTvWrNTERIJPx-PLlIJc,21.0337304,105.85452,4.0,Nhà hàng Việt Nam,"35b P. Nguyễn Hữu Huân, Phố cổ Hà Nội, Hoàn Kiếm, Hà Nội 100000, Việt Nam",0.17777777777777778,0.08333333333333333,0.12162162162162163,0.75,0.5882352941176471
Quẩy Nóng,ChIJ2dJ7EsqrNTERtqYrBza0gSI,20.9914516,105.8007603,4.6,Quán ăn nhỏ,"C18 Nguyễn Quý Đức, Khu tập thể Thanh Xuân Bắc, Thanh Xuân, Hà Nội, Việt Nam",0.0,0.3541666666666667,0.0,0.3,0.058823529411764705
